run,state,unit,max_absolute,rms,final,max_relative_excluding_initial
control-0.9-Radau,V_A,litre,0.0,0.0,2.2811993348586346,0.0
control-0.9-Radau,P_A,mmHg,0.0,0.0,757.5670154671768,0.0
control-0.9-Radau,f_o,dimensionless,0.0,0.0,0.20984222681261885,0.0
control-0.9-Radau,f_c,dimensionless,0.0,0.0,0.0001322096982264311,0.0
control-0.9-Radau,p_o,mmHg,0.0,0.0,149.10548901023006,0.0
control-0.9-Radau,p_c,mmHg,0.0,0.0,0.889462225335041,0.0
control-0.9-Radau,z,source-labelled dimensionless; unresolved,0.0,0.0,0.001204620904061725,0.0
control-0.9-BDF,V_A,litre,1.5453727186809374e-10,3.974591839666463e-11,2.281199334863128,6.27473413838526e-11
control-0.9-BDF,P_A,mmHg,2.9615421226480976e-10,7.447929119454883e-11,757.5670154671815,3.9074202684832833e-13
control-0.9-BDF,f_o,dimensionless,7.856909567394155e-12,2.90989631001737e-12,0.2098422268126504,4.5741774304371134e-11
control-0.9-BDF,f_c,dimensionless,5.617877690822226e-12,2.077654919536231e-12,0.0001322096982013388,2.328886754967787e-10
control-0.9-BDF,p_o,mmHg,1.5127127994674083e-08,2.6162181922088348e-09,149.1054890102536,1.9211469521572467e-10
control-0.9-BDF,p_c,mmHg,6.937078467217361e-09,1.305269031564493e-09,0.8894622251965006,2.704574582448748e-10
control-0.9-BDF,z,source-labelled dimensionless; unresolved,7.469224891365478e-13,4.794042873004997e-13,0.001204620903876868,4.868291607718755e-10
control-0.9-DOP853,V_A,litre,6.654676809603188e-12,1.8227202043807916e-12,2.2811993348586572,2.6975375711234112e-12
control-0.9-DOP853,P_A,mmHg,1.602984411874786e-11,2.7313541212397242e-12,757.5670154671768,2.1149271846475206e-14
control-0.9-DOP853,f_o,dimensionless,9.77273817426294e-14,1.436939132653216e-14,0.20984222681261913,6.357586120775885e-13
control-0.9-DOP853,f_c,dimensionless,6.980527267330672e-14,1.0323485545977586e-14,0.0001322096982262981,3.2700554783595748e-12
control-0.9-DOP853,p_o,mmHg,4.618811999534955e-10,2.967437428298947e-11,149.10548901023012,4.7112180320845655e-12
control-0.9-DOP853,p_c,mmHg,1.2792611414624844e-10,7.90644498131118e-12,0.8894622253350308,3.900696506105593e-12
control-0.9-DOP853,z,source-labelled dimensionless; unresolved,1.0332013022917863e-14,1.6259025907673577e-15,0.001204620904061789,8.431572963504157e-12
control-1.0-Radau,V_A,litre,0.0,0.0,2.2843884314419873,0.0
control-1.0-Radau,P_A,mmHg,0.0,0.0,757.2974945477566,0.0
control-1.0-Radau,f_o,dimensionless,0.0,0.0,0.20983854338606284,0.0
control-1.0-Radau,f_c,dimensionless,0.0,0.0,0.00013511551784661763,0.0
control-1.0-Radau,p_o,mmHg,0.0,0.0,149.04629088422232,0.0
control-1.0-Radau,p_c,mmHg,0.0,0.0,0.9010903498904288,0.0
control-1.0-Radau,z,source-labelled dimensionless; unresolved,0.0,0.0,0.0012196803557138185,0.0
control-1.0-BDF,V_A,litre,1.1800072030609954e-10,3.204491189177538e-11,2.284388431446633,4.8739816012548816e-11
control-1.0-BDF,P_A,mmHg,2.5136159820249304e-10,6.58067025342099e-11,757.2974945477617,3.317305411314433e-13
control-1.0-BDF,f_o,dimensionless,8.21398504768922e-12,3.080840749800492e-12,0.2098385433860976,4.787959875446846e-11
control-1.0-BDF,f_c,dimensionless,5.878443565254798e-12,2.2016983378133864e-12,0.00013511551781909725,2.47715184278139e-10
control-1.0-BDF,p_o,mmHg,1.4923287494639226e-08,2.7503305985074433e-09,149.0462908842483,1.882360543992067e-10
control-1.0-BDF,p_c,mmHg,6.947356467890131e-09,1.3583937691115592e-09,0.901090349742356,2.706892811134097e-10
control-1.0-BDF,z,source-labelled dimensionless; unresolved,7.867890366997088e-13,5.05109860772669e-13,0.001219680355516669,4.869235858975607e-10
control-1.0-DOP853,V_A,litre,7.332801033044234e-12,3.145330389340885e-12,2.284388431442007,2.924050511403793e-12
control-1.0-DOP853,P_A,mmHg,1.864464138634503e-11,4.529790254322055e-12,757.2974945477566,2.4605465741538807e-14
control-1.0-DOP853,f_o,dimensionless,1.1035616864774056e-13,1.9954980287129986e-14,0.209838543386063,7.305257168119413e-13
control-1.0-DOP853,f_c,dimensionless,7.866624018859625e-14,1.4355374656550846e-14,0.00013511551784654684,4.7671920098968585e-12
control-1.0-DOP853,p_o,mmHg,4.733777814180939e-10,3.5074667468768275e-11,149.04629088422234,4.83996008721836e-12
control-1.0-DOP853,p_c,mmHg,1.2654055581151624e-10,8.587579680861829e-12,0.9010903498904489,3.858309582982685e-12
control-1.0-DOP853,z,source-labelled dimensionless; unresolved,1.5094696326212187e-14,2.3960275050772717e-15,0.0012196803557138881,8.575302438248562e-12
control-1.1-Radau,V_A,litre,0.0,0.0,2.2881651198965174,0.0
control-1.1-Radau,P_A,mmHg,0.0,0.0,757.0290225999413,0.0
control-1.1-Radau,f_o,dimensionless,0.0,0.0,0.20983481050181166,0.0
control-1.1-Radau,f_c,dimensionless,0.0,0.0,0.00013805535333691657,0.0
control-1.1-Radau,p_o,mmHg,0.0,0.0,148.9872858871572,0.0
control-1.1-Radau,p_c,mmHg,0.0,0.0,0.9127049622430031,0.0
control-1.1-Radau,z,source-labelled dimensionless; unresolved,0.0,0.0,0.0012347021754670288,0.0
control-1.1-BDF,V_A,litre,9.006528856048135e-11,2.549048931225989e-11,2.2881651199012607,3.7157649900433463e-11
control-1.1-BDF,P_A,mmHg,2.105480234604329e-10,5.645237114877981e-11,757.0290225999473,2.7793999666932755e-13
control-1.1-BDF,f_o,dimensionless,8.279932295351955e-12,3.139648930055421e-12,0.2098348105018481,4.831397211055138e-11
control-1.1-BDF,f_c,dimensionless,5.9262178497832e-12,2.244118940758929e-12,0.00013805535330797507,2.508656629439857e-10
control-1.1-BDF,p_o,mmHg,1.6247497569565894e-08,2.76871832134817e-09,148.98728588718453,1.8910176289978956e-10
control-1.1-BDF,p_c,mmHg,6.952703301976726e-09,1.3766807773186614e-09,0.9127049620907073,2.706899111776572e-10
control-1.1-BDF,z,source-labelled dimensionless; unresolved,7.98367448540116e-13,5.129776422304577e-13,0.001234702175264641,4.868830746079815e-10
control-1.1-DOP853,V_A,litre,6.913580818945775e-12,2.4476003070049293e-12,2.288165119896535,2.756879796241623e-12
control-1.1-DOP853,P_A,mmHg,2.034994395216927e-11,3.938803217589129e-12,757.0290225999412,2.686393519803406e-14
control-1.1-DOP853,f_o,dimensionless,9.661715871800425e-14,1.5165224648236277e-14,0.20983481050181188,6.324810536583803e-13
control-1.1-DOP853,f_c,dimensionless,6.893791093531831e-14,1.087857885094138e-14,0.00013805535333679149,3.558362055754079e-12
control-1.1-DOP853,p_o,mmHg,4.869207259616815e-10,3.3838634878653376e-11,148.98728588715727,5.59639126043978e-12
control-1.1-DOP853,p_c,mmHg,1.242028702108655e-10,7.880709966086306e-12,0.9127049622429041,3.786918816844083e-12
control-1.1-DOP853,z,source-labelled dimensionless; unresolved,1.0873246747422627e-14,1.813266787387147e-15,0.0012347021754669587,8.673236442381432e-12
baseline,V_A,litre,6.693986254191486e-09,1.6151825682673925e-09,2.284388431364722,2.675307327437029e-09
baseline,P_A,mmHg,1.6634544408589136e-08,2.9817937291568194e-09,757.297494547673,2.1953341331709212e-11
baseline,f_o,dimensionless,9.077355533904097e-11,1.4923303793447934e-11,0.20983854338597857,5.875675261894932e-10
baseline,f_c,dimensionless,6.4736084548489e-11,1.0727461728566572e-11,0.00013511551790721047,3.0933428809037275e-09
baseline,p_o,mmHg,2.7813720748781634e-07,2.389035652586065e-08,149.04629088415146,2.719034938000548e-09
baseline,p_c,mmHg,9.127199973590905e-08,6.242108347486408e-09,0.9010903499229878,2.455301675322905e-09
baseline,z,source-labelled dimensionless; unresolved,1.0686882802313225e-11,1.76984396643246e-12,0.0012196803557260963,4.8676489185445215e-09
atol-0.001,V_A,litre,0.0004303397229938888,0.00010339536067305083,2.28420872308822,0.00018675936769710694
atol-0.001,P_A,mmHg,0.0005039546846319354,0.00012109324068260743,757.2972916145752,6.654827115294862e-07
atol-0.001,f_o,dimensionless,7.722408259802638e-07,1.7260859057215464e-07,0.20983853648959042,3.7789007768899735e-06
atol-0.001,f_c,dimensionless,5.476123778958356e-07,1.229661152964338e-07,0.0001351207672365163,0.0002676288555635585
atol-0.001,p_o,mmHg,0.0007397073497230622,0.00012025571683516904,149.0462421227119,7.464776026356521e-06
atol-0.001,p_c,mmHg,0.00028513052912337855,5.5346478939683765e-05,0.9010928559232263,5.409588329157914e-05
atol-0.001,z,source-labelled dimensionless; unresolved,8.688166704476363e-08,2.018472164452376e-08,0.0012196803737907038,2.1023351439534763e-05
atol-1e-06,V_A,litre,3.848768757030996e-07,1.096178201537005e-07,2.284388413280038,1.585718130421192e-07
atol-1e-06,P_A,mmHg,6.816903805884067e-07,1.400000149569282e-07,757.2974945273256,9.000854993458395e-10
atol-1e-06,f_o,dimensionless,1.0649000570239764e-09,2.445315130516342e-10,0.2098385433848326,6.0310329722331285e-09
atol-1e-06,f_c,dimensionless,7.952581544679038e-10,1.7535260455462664e-10,0.00013511551877759827,3.039678272003653e-07
atol-1e-06,p_o,mmHg,6.840938482355341e-07,1.687275862892408e-07,149.04629087973225,7.666916013045546e-09
atol-1e-06,p_c,mmHg,3.6386871204996396e-07,6.853947568711039e-08,0.901090349773407,5.737498578736537e-08
atol-1e-06,z,source-labelled dimensionless; unresolved,3.5003288201967964e-10,4.077459211715105e-11,0.0012196803552499938,5.8720320777711356e-08
atol-1e-10,V_A,litre,1.5813232501216135e-08,3.484496277319792e-09,2.284388431229764,6.3572842271824775e-09
atol-1e-10,P_A,mmHg,3.233753886888735e-08,5.939023900464654e-09,757.2974945474916,4.26970297173765e-11
atol-1e-10,f_o,dimensionless,9.077355533904097e-11,1.78918970645779e-11,0.2098385433859617,5.875675261894932e-10
atol-1e-10,f_c,dimensionless,6.4736084548489e-11,1.2854931851264715e-11,0.0001351155179189379,1.8345095555281657e-08
atol-1e-10,p_o,mmHg,2.7813720748781634e-07,2.484351994088132e-08,149.04629088409607,2.719034938000548e-09
atol-1e-10,p_c,mmHg,9.127199973590905e-08,6.695668282030379e-09,0.9010903499430639,2.455301675322905e-09
atol-1e-10,z,source-labelled dimensionless; unresolved,1.5088649080174932e-11,2.199221532303798e-12,0.0012196803557478137,4.8676489185445215e-09
atol-1e-13,V_A,litre,1.0266755445798026e-08,2.075154187522644e-09,2.2843884312866396,4.223140082355762e-09
atol-1e-13,P_A,mmHg,2.0362904251669534e-08,3.59369562972561e-09,757.2974945475777,2.6886510466587967e-11
atol-1e-13,f_o,dimensionless,9.633446818035907e-11,1.2902325818915175e-11,0.2098385433860612,6.377061407939231e-10
atol-1e-13,f_c,dimensionless,6.876033076252952e-11,9.247201389997296e-12,0.00013511551784802016,4.296956786485569e-09
atol-1e-13,p_o,mmHg,2.524563882388975e-07,2.4583733663265944e-08,149.0462908841861,2.4679824254475626e-09
atol-1e-13,p_c,mmHg,7.179927052902713e-08,4.8967213330589825e-09,0.9010903498868789,2.713298061798018e-09
atol-1e-13,z,source-labelled dimensionless; unresolved,7.155887861431953e-12,1.4405707258201213e-12,0.0012196803557103298,1.7856942328416565e-09
source-default,V_A,litre,1.0031203361293706e-05,4.202578330778638e-06,2.2843901289743207,3.893163015949696e-06
source-default,P_A,mmHg,1.215677070831589e-05,4.837462269410337e-06,757.2974947020064,1.6043210749037106e-08
source-default,f_o,dimensionless,3.812441451145343e-07,1.50714415605939e-07,0.20983855541868937,2.0062055501409806e-06
source-default,f_c,dimensionless,2.742001431691593e-07,1.0823864241795935e-07,0.00013510705360474898,7.018419182458477e-05
source-default,p_o,mmHg,0.0015066115510222744,0.0001760945980915347,149.04631027003884,1.7566684170134674e-05
source-default,p_c,mmHg,0.00023460505216377214,3.9670727317302174e-05,0.901080896465979,1.140920589175271e-05
source-default,z,source-labelled dimensionless; unresolved,3.880195077656662e-08,1.4176000591037294e-08,0.0012196719005809393,3.740220278017013e-05
source-tight,V_A,litre,7.612888097696668e-11,2.2751319685963703e-11,2.284388431446858,3.0268456647900385e-11
source-tight,P_A,mmHg,1.6211743059102446e-10,4.873182078583259e-11,757.2974945477619,2.139532816919979e-13
source-tight,f_o,dimensionless,5.476952225080822e-12,2.205576273728255e-12,0.2098385433861219,3.136577352100707e-11
source-tight,f_c,dimensionless,3.921869773382269e-12,1.5778074060588823e-12,0.00013511551780283432,3.696325025939034e-10
source-tight,p_o,mmHg,5.096946154026227e-08,5.290470987288883e-09,149.04629088679184,5.487535154916699e-10
source-tight,p_c,mmHg,1.1318732617837668e-08,1.3236008499910322e-09,0.901090349770969,3.901389534985847e-10
source-tight,z,source-labelled dimensionless; unresolved,5.712609205121844e-13,3.6511877927583716e-13,0.0012196803555680525,3.8274039125483495e-10
RK45,V_A,litre,4.2592951388087386e-10,1.5461576701957024e-10,2.2843884316498038,2.039817987974771e-10
RK45,P_A,mmHg,1.0687699614209123e-09,1.832722377984809e-10,757.2974945480063,1.4099380878954312e-12
RK45,f_o,dimensionless,1.0984518850065683e-11,8.322380017125961e-13,0.20983854338613692,7.141364255364183e-11
RK45,f_c,dimensionless,7.942889401757469e-12,5.864431657093327e-13,0.00013511551784364448,1.9727569078923168e-10
RK45,p_o,mmHg,3.191260645962757e-06,1.3232756642556578e-06,149.0462899355373,2.1439969065552444e-08
RK45,p_c,mmHg,1.4681941706840007e-07,1.7027882914899597e-08,0.9010903499769236,6.046027985737136e-09
RK45,z,source-labelled dimensionless; unresolved,2.0307988824646087e-12,2.366045204289251e-13,0.001219680355719917,2.8762583269181095e-08
refinement,V_A,litre,7.068567953183447e-12,3.1136136165561332e-12,2.2843884314420135,2.81868410792237e-12
refinement,P_A,mmHg,1.8189894035458565e-11,4.454431653555488e-12,757.297494547757,2.4005332430769568e-14
refinement,f_o,dimensionless,8.784639682346551e-14,1.7880660672985594e-14,0.20983854338606311,4.781272360792318e-13
refinement,f_c,dimensionless,6.373720995433985e-14,1.2889545716566646e-14,0.00013511551784658814,4.802814978360402e-12
refinement,p_o,mmHg,6.338041202980094e-11,1.2843951838674554e-11,149.04629088422269,4.860096291736459e-13
refinement,p_c,mmHg,1.9447554677753942e-11,4.3819402022871745e-12,0.901090349890399,1.585128738157278e-12
refinement,z,source-labelled dimensionless; unresolved,1.4649739754624136e-14,2.3775203183501278e-15,0.0012196803557137919,2.3385225664041344e-12
