time_s,P_L_mmHg,dP_Ldt_source_mmHg_per_s,dP_Ldt_analytic_mmHg_per_s,derivative_error_mmHg_per_s
0.0,754.2625,-6.656802310269093,-0.4068023102690927,-6.25
0.02004008016032064,754.2541860084523,-6.643768344543084,-0.42289019493252766,-6.220878149610557
0.04008016032064128,754.2455522846636,-6.630484668525384,-0.43870990152783357,-6.1917747669975505
0.06012024048096192,754.2366043037558,-6.616959706129848,-0.45425139790386587,-6.162708308225983
0.08016032064128256,754.2273477401386,-6.60320203428337,-0.4695048283379716,-6.133697205945399
0.1002004008016032,754.2177884639111,-6.589220377486785,-0.4844605197860479,-6.104759857700737
0.12024048096192384,754.2079325371393,-6.575023602282171,-0.4991089880167552,-6.0759146142654155
0.1402805611222445,754.1977862100114,-6.5606207116300945,-0.5134409436259921,-6.047179768004103
0.16032064128256512,754.1873559168749,-6.546020839200327,-0.5274472979278213,-6.018573541272506
0.18036072144288576,754.1766482721558,-6.531233243579683,-0.5411191687181073,-5.990114074861576
0.2004008016032064,754.1656700661638,-6.516267302400641,-0.5544478859072143,-5.961819416493427
0.22044088176352705,754.1544282607869,-6.50113250639446,-0.5674249970181888,-5.933707509376271
0.24048096192384769,754.1429299850755,-6.485838453372589,-0.580042272546944,-5.905796180825645
0.2605210420841683,754.1311825307226,-6.470394842140163,-0.5922917111810422,-5.87810313095912
0.280561122244489,754.1191933474388,-6.454811466345447,-0.6041655448737708,-5.850645921471676
0.3006012024048096,754.1069700382287,-6.4390982082691535,-0.6156562437702902,-5.823441964498864
0.32064128256513025,754.0945203545685,-6.42326503255753,-0.6267565209827308,-5.796508511574799
0.3406813627254509,754.0818521914917,-6.407321979903235,-0.6374593372112126,-5.769862642692022
0.3607214428857715,754.0689735825814,-6.3912791606779695,-0.6477579052078539,-5.743521255470116
0.3807615230460922,754.0558926948756,-6.375146748520941,-0.6576456940809414,-5.71750105444
0.4008016032064128,754.0426178236893,-6.358934973887193,-0.6671164334365289,-5.691818540450663
0.42084168336673344,754.0291573873524,-6.342654117559901,-0.6761641173548423,-5.666490000205059
0.4408817635270541,754.0155199218723,-6.326314504130767,-0.6847830081989643,-5.641531495931803
0.4609218436873747,754.0017140755205,-6.309926495452624,-0.6929676402533889,-5.616958855199234
0.48096192384769537,753.9877486033479,-6.293500484068404,-0.7007128231901323,-5.592787660878272
0.501002004008016,753.9736323616329,-6.277046886620663,-0.708013645360208,-5.569033241260454
0.5210420841683366,753.9593743022654,-6.260576137245803,-0.7148654769083755,-5.545710660337427
0.5410821643286573,753.9449834670696,-6.244098680957212,-0.7212639727091865,-5.522834708248025
0.561122244488978,753.9304689820704,-6.227624967021503,-0.7272050751224703,-5.500419891899033
0.5811623246492986,753.9158400517055,-6.211165442332059,-0.7326850165665075,-5.478480425765552
0.6012024048096192,753.901105952989,-6.194730544784075,-0.737700321907262,-5.457030222876813
0.6212424849699398,753.8862760296282,-6.17833069665531,-0.7422478106621557,-5.436082885993154
0.6412825651302605,753.8713596860978,-6.161976297996752,-0.746324599016989,-5.4156516989797625
0.6613226452905812,753.8563663816764,-6.145677720037361,-0.7499281016547262,-5.395749618382635
0.6813627254509018,753.841305624448,-6.129445298607111,-0.7530560333949883,-5.376389265212123
0.7014028056112224,753.8261869652717,-6.113289327582451,-0.7557064106432125,-5.357582916939238
0.721442885771543,753.811019991726,-6.097220052358405,-0.757877552648559,-5.339342499709845
0.7414829659318637,753.7958143220276,-6.081247663351393,-0.7595680825697686,-5.321679580781624
0.7615230460921844,753.7805795989331,-6.065382289536922,-0.7607769283482929,-5.304605361188629
0.781563126252505,753.7653254836231,-6.049633992026246,-0.761503323388147,-5.288130668638099
0.8016032064128256,753.7500616495761,-6.034012757686062,-0.7617468070420498,-5.272265950644012
0.8216432865731462,753.7347977764338,-6.018528492805274,-0.7615072249035459,-5.257021267901727
0.8416833667334669,753.7195435438623,-6.00319101681288,-0.7607847289049241,-5.242406287907956
0.8617234468937875,753.7043086254147,-5.988010056050919,-0.7595797772208676,-5.228430278830051
0.8817635270541082,753.6891026823955,-5.972995237606465,-0.7578931339779005,-5.215102103628565
0.9018036072144289,753.6739353577344,-5.95815608320656,-0.7557258687698133,-5.202430214436746
0.9218436873747494,753.6588162698711,-5.943502003179951,-0.753079355979374,-5.190422647200577
0.9418837675350701,753.6437550066556,-5.929042290489492,-0.7499552739067559,-5.179087016582736
0.9619238476953907,753.6287611192682,-5.914786114838953,-0.7463556037052343,-5.168430511133718
0.9819639278557114,753.6138441161623,-5.900742516858007,-0.7422826281248287,-5.158459888733178
1.002004008016032,753.599013457035,-5.886920402369067,-0.7377389300646832,-5.149181472304384
1.0220440881763526,753.5842785468275,-5.87332853673961,-0.7327273909351086,-5.140601145804501
1.0420841683366733,753.5696487297615,-5.859975539323572,-0.7272511888303198,-5.132724350493252
1.062124248496994,753.5551332834139,-5.846869877995344,-0.7213137965130311,-5.125556081482313
1.0821643286573146,753.5407414128316,-5.834019863779816,-0.7149189792121846,-5.119100884567631
1.1022044088176353,753.5264822446964,-5.821433645581903,-0.708070792235211,-5.113362853346692
1.122244488977956,753.5123648215352,-5.809119205018871,-0.7007735783963341,-5.108345626622537
1.1422845691382766,753.4983980959877,-5.797084351358752,-0.6930319652625522,-5.1040523860962
1.1623246492985972,753.4845909251267,-5.785336716568053,-0.6848508622190422,-5.100485854349011
1.1823647294589177,753.4709520648432,-5.773883750471911,-0.6762354573558468,-5.097648293116064
1.2024048096192383,753.4574901642933,-5.762732716029738,-0.6671912141778187,-5.09554150185192
1.222444889779559,753.4442137604127,-5.751890684729381,-0.6577238681399111,-5.09416681658947
1.2424849699398797,753.4311312725035,-5.741364532102702,-0.6478394230100082,-5.093525109092694
1.2625250501002003,753.4182509968953,-5.731160933365418,-0.637544147061603,-5.093616786303815
1.282565130260521,753.4055811016832,-5.721286359183981,-0.6268445690987394,-5.0944417900852415
1.3026052104208417,753.3931296215488,-5.711747071572172,-0.6157474743157356,-5.095999597256436
1.3226452905811623,753.3809044526644,-5.702549119920004,-0.6042598999943168,-5.098289219925687
1.342685370741483,753.3689133476862,-5.693698337157478,-0.5923891310408871,-5.101309206116591
1.3627254509018036,753.3571639108369,-5.685200336055596,-0.580142695366765,-5.10505764068883
1.3827655310621243,753.3456635930846,-5.677060505666991,-0.5675283591143203,-5.10953214655267
1.4028056112224447,753.334419687417,-5.669284007908431,-0.5545541217320327,-5.114729886176398
1.4228456913827654,753.3234393242168,-5.6618757742873616,-0.541228210901599,-5.120647563385763
1.442885771543086,753.3127294667397,-5.6548405027745705,-0.5275590773203049,-5.127281425454266
1.4629258517034067,753.3022969066988,-5.648182654824932,-0.5135553893419713,-5.134627265482961
1.4829659318637274,753.2921482599576,-5.641906452548166,-0.49922602747986955,-5.1426804250682965
1.503006012024048,753.2822899623345,-5.636015876031352,-0.4845800787750991,-5.151435797256253
1.5230460921843687,753.2727282655212,-5.630514660814945,-0.4696268310339903,-5.160887829780955
1.5430861723446894,753.2634692331189,-5.625406295523854,-0.454375766938193,-5.1710305285856615
1.56312625250501,753.2545187367923,-5.620694019655123,-0.438836558031184,-5.181857461623939
1.5831663326653307,753.2458824525461,-5.616380821523577,-0.4230190585850057,-5.193361762938571
1.6032064128256511,753.2375658571259,-5.6124694363667675,-0.4069332993511271,-5.20553613701564
1.6232464929859718,753.2295742245451,-5.608962344610412,-0.39058948119938974,-5.218372863411022
1.6432865731462925,753.2219126227401,-5.605861770295419,-0.37399796864907153,-5.231863801646348
1.6633266533066131,753.2145859103563,-5.6031696796674915,-0.35716928329617137,-5.24600039637132
1.6833667334669338,753.2075987336674,-5.6008877799302335,-0.340114097141084,-5.260773682789149
1.7034068136272544,753.2009555236286,-5.599017518162506,-0.32284322582089287,-5.276174292341613
1.723446893787575,753.1946604930671,-5.597560080400767,-0.3053676217505773,-5.292192458650189
1.7434869739478958,753.1887176340101,-5.596516390886929,-0.28769836717747954,-5.30881802370945
1.7635270541082164,753.183130715153,-5.595887111482256,-0.26984666715343963,-5.326040444328816
1.783567134268537,753.1779032794703,-5.59567264124763,-0.25182384242905104,-5.343848798818579
1.8036072144288577,753.1730386419681,-5.59587311619049,-0.23364132227454676,-5.362231793915943
1.8236472945891782,753.1685398875823,-5.596488409178589,-0.21531063723186689,-5.381177771946722
1.8436873747494988,753.1644098692219,-5.597518130020598,-0.1968434118025042,-5.400674718218093
1.8637274549098195,753.1606512059599,-5.598961625713566,-0.17825135707576428,-5.420710268637802
1.8837675350701402,753.1572662813727,-5.600817980857017,-0.1595462633021163,-5.441271717554901
1.9038076152304608,753.1542572420283,-5.603086018233453,-0.1407399924163425,-5.46234602581711
1.9238476953907815,753.1516259961248,-5.605764299554902,-0.12184447051522951,-5.483919829039673
1.9438877755511021,753.1493742122811,-5.608851126375006,-0.10287168029457044,-5.505979446080436
1.9639278557114228,753.1475033184779,-5.612344541166106,-0.08383365345027394,-5.528510887715832
1.9839679358717435,753.1460145011522,-5.6162423285606184,-0.06474246304840214,-5.551499865512216
2.004008016032064,753.1449087044455,-5.620542016755916,-0.045610215868969295,-5.574931800886947
2.024048096192385,753.1441866296047,-5.625240879081848,-0.026449044728362736,-5.598791834353485
2.0440881763527052,753.1438487345375,-5.630335935729853,-0.007271100785256057,-5.623064834944597
2.064128256513026,753.1438952335219,-5.635823955642643,0.01191145416511774,-5.64773540980776
2.0841683366733466,753.1443260970701,-5.641701458563174,0.031086455403428692,-5.672787913966603
2.1042084168336674,753.1451410519479,-5.647964717241682,0.05024174300057499,-5.698206460242257
2.124248496993988,753.1463395813471,-5.654609759799342,0.06936516952896382,-5.723974929328306
2.1442885771543083,753.147920925214,-5.661632372247042,0.0884446077658706,-5.750076980012913
2.164328657314629,753.1498840807311,-5.669028101157718,0.10746795838397866,-5.776496059541697
2.1843687374749496,753.1522278029527,-5.676792256490515,0.12642315762423373,-5.8032154141147485
2.2044088176352705,753.1549506055951,-5.6849199145650005,0.14529818494614083,-5.830218099511141
2.224448897795591,753.1580507619783,-5.693405921183542,0.16408107065065236,-5.857486991834195
2.244488977955912,753.1615263061216,-5.702244894899874,0.18275990347082025,-5.8850047983706935
2.2645290581162323,753.1653750339904,-5.711431230431764,0.20132283812538426,-5.912754068557148
2.284569138276553,753.1695945048931,-5.720959102215636,0.21975810283052552,-5.940717205046161
2.3046092184368736,753.1741820430301,-5.730822468100883,0.2380540067650007,-5.968876474865884
2.3246492985971945,753.1791347391896,-5.741015073181527,0.25619894748394256,-5.997214020665469
2.344689378757515,753.184449452593,-5.751530453762801,0.27418141827660925,-6.025711872039411
2.3647294589178354,753.1901228128862,-5.762361941460139,0.29199001546342906,-6.0543519569235675
2.3847695390781563,753.1961512222779,-5.773502667427958,0.309613445627702,-6.0831161130556595
2.4048096192384767,753.2025308578201,-5.784945566715588,0.3270405327773811,-6.1119860994929684
2.4248496993987976,753.2092576738329,-5.796683382747535,0.34426022543238766,-6.1409436081799225
2.444889779559118,753.2163274044702,-5.808708671925282,0.36126160363296445,-6.169970275558247
2.464929859719439,753.2237355664247,-5.82101380834769,0.3780338858646297,-6.19904769421232
2.4849699398797593,753.231477461771,-5.833590988646994,0.39456643589532747,-6.228157424542321
2.50501002004008,753.2395481809449,-5.8464322369373605,0.41084876952045546,-6.257281006457816
2.5250501002004007,753.247942605857,-5.8595294098728345,0.4268705612114748,-6.286399971084309
2.5450901803607215,753.256655413138,-5.8728742018114835,0.44262165066390197,-6.315495852475386
2.565130260521042,753.2656810775148,-5.886458150082467,0.4580920492405191,-6.344550199322986
2.5851703406813624,753.2750138753142,-5.9002726403526795,0.47327194630572095,-6.373544586658401
2.6052104208416833,753.284647888093,-5.914308912089585,0.4881517154469821,-6.402460627536567
2.6252505010020037,753.2945770063906,-5.928558064116748,0.5027219205794978,-6.431279984696246
2.6452905811623246,753.3047949336038,-5.943011060258563,0.5169733219301275,-6.45998438218869
2.665330661322645,753.3152951899796,-5.957658735070593,0.5308968818968447,-6.488555616967438
2.685370741482966,753.3260711167246,-5.972491799651889,0.5444837707799833,-6.516975570431873
2.7054108216432864,753.3371158802274,-5.987500847535591,0.5577253723816354,-6.545226219917226
2.7254509018036073,753.3484224763926,-6.002676360654091,0.5706132894696622,-6.573289650123753
2.7454909819639277,753.3599837350819,-6.018008715374967,0.5831393491028398,-6.601148064477807
2.7655310621242486,753.3717923246616,-6.033488188603862,0.5952956078137773,-6.628783796417639
2.785571142284569,753.3838407566518,-6.049104963950429,0.6070743566463062,-6.656179320596735
2.8056112224448895,753.3961213904753,-6.064849137953455,0.6184681260441564,-6.683317263997611
2.8256513026052104,753.4086264383026,-6.0807107263611915,0.629469690587817,-6.710180416949008
2.845691382765531,753.4213479699912,-6.096679670462922,0.6400720735765715,-6.736751744039493
2.8657314629258517,753.4342779181139,-6.1127458434677395,0.6502685514528123,-6.7630143949205515
2.885771543086172,753.4474080830755,-6.128899056926516,0.6600526580658184,-6.788951714992334
2.905811623246493,753.460730138312,-6.145129067192953,0.669418188772302,-6.814547255965255
2.9258517034068134,753.474235635571,-6.16142558191965,0.6783592043711127,-6.839784786290762
2.9458917835671343,753.4879160102695,-6.177778266585048,0.6868700348696171,-6.8646483014546655
2.9659318637274548,753.5017625869251,-6.194176751047123,0.6949452830793512,-6.8891220341264745
2.9859719438877756,753.5157665846576,-6.210610636119663,0.7025798280386794,-6.913190464158342
3.006012024048096,753.5299191227573,-6.227069500166974,0.7097688282602774,-6.9368383284272515
3.0260521042084165,753.5442112263167,-6.243542905712811,0.7165077248013881,-6.960050630514199
3.0460921843687374,753.5586338319223,-6.260020406059362,0.7227922441548997,-6.982812650214262
3.066132264529058,753.5731777934021,-6.2764915519120725,0.7286184009594118,-7.005109952871484
3.0861723446893787,753.5878338876255,-6.292945898006126,0.7339825005265748,-7.026928398532701
3.106212424849699,753.602592820352,-6.3093730097303595,0.7388811411840951,-7.048254150914454
3.12625250501002,753.6174452321263,-6.325762469744436,0.7433112164329252,-7.0690736861773615
3.1462925851703405,753.6323817042122,-6.342103884585046,0.7472699169172647,-7.089373801502311
3.1663326653306614,753.6473927645666,-6.358386891256984,0.7507547322061299,-7.109141623463114
3.186372745490982,753.6624688938454,-6.374601163804896,0.7537634523853558,-7.128364616190252
3.2064128256513023,753.677600531441,-6.390736419861538,0.7562941694590253,-7.147030589320563
3.226452905811623,753.6927780815449,-6.406782427168397,0.7583452785594358,-7.1651277057278335
3.2464929859719436,753.7079919192332,-6.422729010064525,0.7599154789648329,-7.182644489029357
3.2665330661322645,753.7232323965694,-6.438566055939496,0.761003774924272,-7.199569830863768
3.286573146292585,753.7384898487238,-6.4542835216463725,0.761609476289077,-7.21589299793545
3.306613226452906,753.753754600102,-6.4698714398706105,0.7617321989505036,-7.231603638821114
3.3266533066132262,753.7690169704805,-6.485319925450895,0.7613718650833227,-7.246691790534218
3.346693386773547,753.7842672811458,-6.500619181647863,0.7605287031951741,-7.261147884843037
3.3667334669338675,753.7994958610326,-6.515759506356765,0.7592032479816575,-7.274962754338422
3.3867735470941884,753.8146930528554,-6.5307312982600925,0.7573963399872516,-7.288127638247344
3.406813627254509,753.8298492192346,-6.545525062916314,0.7551091250722796,-7.300634187988594
3.4268537074148293,753.8449547488062,-6.560131418780832,0.7523430536862536,-7.312474472467086
3.44689378757515,753.8600000623186,-6.574541103155324,0.7490998799480675,-7.323640983103392
3.4669338677354706,753.8749756187059,-6.588744978061741,0.7453816605336101,-7.334126638595351
3.4869739478957915,753.8898719211394,-6.602734036037208,0.7411907533715149,-7.343924789408723
3.507014028056112,753.9046795230495,-6.616499405846144,0.736529816147867,-7.353029221994011
3.527054108216433,753.9193890341166,-6.630032358106015,0.7314018046208158,-7.361434162726831
3.5470941883767533,753.9339911262263,-6.643324310823108,0.7258099707461682,-7.369134281569276
3.567134268537074,753.9484765393838,-6.656366834834858,0.7197578606151398,-7.376124695449998
3.5871743486973946,753.9628360875874,-6.6691516591552364,0.7132493122055856,-7.382400971360822
3.6072144288577155,753.9770606646532,-6.68167067621985,0.7062884529481241,-7.3879591291679745
3.627254509018036,753.9911412499898,-6.693915947027389,0.6988796971087053,-7.392795644136094
3.6472945891783564,754.0050689143193,-6.705879706174188,0.6910277429892813,-7.39690744916347
3.6673346693386772,754.0188348253389,-6.717554366778704,0.682737569948352,-7.400291936727056
3.6873747494989977,754.032430253323,-6.7289325252927705,0.6740144352432793,-7.40294696053605
3.7074148296593186,754.0458465766587,-6.7400069661966,0.6648638706963693,-7.40487083689297
3.727454909819639,754.059075287313,-6.750770666574547,0.6552916791868367,-7.4060623457613834
3.74749498997996,754.0721079962287,-6.761216800568722,0.6453039309708798,-7.406520731539602
3.7675350701402803,754.084936438644,-6.771338743707646,0.6349069598321936,-7.406245703539839
3.787575150300601,754.0975524793339,-6.7811300771072025,0.624107359065368,-7.405237436172571
3.8076152304609217,754.1099481177691,-6.7905845915411955,0.6129119772947146,-7.4034965688359105
3.8276553106212425,754.1221154931893,-6.799696291378972,0.6013279141311755,-7.401024205510147
3.847695390781563,754.134046889589,-6.808459398387578,0.5893625156700671,-7.397821914057645
3.8677354709418834,754.1457347406092,-6.816868355396059,0.5770233698325145,-7.393891725228573
3.8877755511022043,754.1571716343373,-6.824917829819569,0.5643183015535305,-7.389236131373099
3.9078156312625247,754.168350318006,-6.832602717041055,0.5512553678197927,-7.383858084860847
3.9278557114228456,754.1792637025937,-6.8399181436483785,0.5378428525602608,-7.3777609962086395
3.947895791583166,754.1899048673196,-6.846859470524817,0.5240892613928817,-7.370948731917698
3.967935871743487,754.2002670640322,-6.853422295790985,0.5100033162307018,-7.363425612021686
3.9879759519038074,754.2103437214895,-6.8596024575963055,0.49559394975082605,-7.355196407347131
4.008016032064128,754.2201284495253,-6.865396036758273,0.4808702997297062,-7.34626633648798
4.028056112224449,754.2296150431025,-6.870799359247826,0.4658417032483758,-7.336641062496202
4.04809619238477,754.2387974862471,-6.875808998519242,0.4505176907712908,-7.326326689290532
4.06813627254509,754.247669955864,-6.880421777683112,0.43490798010253207,-7.315329757785644
4.0881763527054105,754.2562268254293,-6.884634771520978,0.4190224702232084,-7.303657241744187
4.108216432865731,754.2644626685587,-6.88844530834037,0.40287123501396704,-7.291316543354337
4.128256513026052,754.2723722624482,-6.891850971669083,0.386464516866589,-7.278315488535672
4.148296593186372,754.2799505911872,-6.8948496017875875,0.369812720188719,-7.2646623219763065
4.168336673346693,754.2871928489377,-6.897439297098632,0.35292640480585524,-7.250365701904488
4.188376753507014,754.2940944429838,-6.899618415333151,0.33581627926478363,-7.235434694597934
4.208416833667335,754.3006509966425,-6.901385574591718,0.31849319404269094,-7.219878768634409
4.228456913827655,754.3068583520408,-6.902739654220879,0.30096813466628203,-7.203707788887161
4.248496993987976,754.3127125727508,-6.903679795523834,0.2832522147452433,-7.186932010269077
4.268537074148297,754.3182099462878,-6.904205402304968,0.2653566689244938,-7.169562071229462
4.288577154308617,754.3233469864625,-6.904316141247944,0.24729284575967203,-7.151608987007616
4.3086172344689375,754.3281204355941,-6.904011942127074,0.22907220052039073,-7.133084142647465
4.328657314629258,754.3325272665741,-6.903292997851846,0.21070628792581547,-7.113999285777662
4.348697394789579,754.3365646847873,-6.902159764344603,0.1922067548171777,-7.09436651916178
4.368737474949899,754.3402301298834,-6.900612960251402,0.17358533277187183,-7.074198293023273
4.38877755511022,754.3435212774007,-6.898653566486294,0.15485383066380637,-7.0535073971501
4.408817635270541,754.3464360402409,-6.896282825609265,0.1360241271747496,-7.0323069527840145
4.428857715430862,754.3489725699912,-6.893502241038262,0.11710816326139944,-7.010610404299661
4.448897795591182,754.3511292580981,-6.89031357609579,0.09811793458295981,-6.988431510678749
4.468937875751503,754.3529047368862,-6.886718852890696,0.07906548389402873,-6.965784336784725
4.488977955911824,754.3542978804262,-6.882720351035834,0.05996289340762728,-6.942683244443462
4.509018036072144,754.3553078052487,-6.878320606202441,0.040822277133194085,-6.919142883335635
4.529058116232465,754.3559338709043,-6.873522408512121,0.0216557731944223,-6.895178181706544
4.5490981963927855,754.3561756803706,-6.868328800767481,0.002475536131806566,-6.870804336899288
4.569138276553106,754.3560330803024,-6.862743076522516,-0.016706270805223522,-6.846036805717293
4.589178356713426,754.3555061611305,-6.85676877799399,-0.03587748337169566,-6.820891294622294
4.609218436873747,754.3545952570034,-6.850409693815115,-0.05502594404111577,-6.795383749773999
4.629258517034068,754.353300945576,-6.84366985663297,-0.07413950971522265,-6.7695303469177475
4.649298597194389,754.3516240476424,-6.836553540551182,-0.09320605942460525,-6.743347481126577
4.669338677354709,754.3495656266168,-6.829065258419473,-0.11221350201527358,-6.7168517564042
4.68937875751503,754.3471269878576,-6.821209758971818,-0.13114978381633563,-6.690059975155482
4.709418837675351,754.3443096778407,-6.812992023815003,-0.15000289628389007,-6.662989127531112
4.729458917835671,754.3411154831779,-6.804417264269523,-0.168760883616312,-6.63565638065321
4.749498997995992,754.3375464294851,-6.795490918064784,-0.18741185033608723,-6.608079067728697
4.7695390781563125,754.3336047800965,-6.786218645890748,-0.2059439688333927,-6.580274677057355
4.789579158316633,754.3292930346303,-6.776606327808168,-0.22434548686663888,-6.552260840941529
4.809619238476953,754.3246139274024,-6.766660059519724,-0.24260473501521324,-6.524055324504511
4.829659318637274,754.319570425694,-6.756386148504393,-0.26071013407971155,-6.4956760144246815
4.849699398797595,754.3141657278683,-6.745791110017531,-0.2786502024249436,-6.467140907592587
4.869739478957916,754.3084032613432,-6.734881662959194,-0.2964135632610732,-6.43846809969812
4.889779559118236,754.3022866804176,-6.723664725613303,-0.3139889518582731,-6.40967577375503
4.909819639278557,754.295819863954,-6.712147411260382,-0.3313652226903138,-6.380782188570068
4.929859719438878,754.2890069129181,-6.700337023666635,-0.34853135650255274,-6.351805667164083
4.949899799599198,754.2818521477794,-6.68824105245222,-0.36547646729985894,-6.3227645851523615
4.969939879759519,754.2743601057701,-6.675867168341668,-0.3821898092500238,-6.293677359091644
4.98997995991984,754.2665355380087,-6.6632232182994535,-0.398660783498286,-6.264562434801167
5.01002004008016,754.2583834064864,-6.650317220553799,-0.4148789448886507,-6.235438275665148
5.03006012024048,754.2499088809207,-6.637157359511872,-0.43083400858774445,-6.206323350924127
5.050100200400801,754.2411173354772,-6.6237519805696,-0.4465158566069965,-6.1772361239626035
5.070140280561122,754.2320143453612,-6.610109584819396,-0.4619145442190105,-6.148195040600386
5.090180360721443,754.2226056832825,-6.596238823659144,-0.47702030626407166,-6.119218517395073
5.110220440881763,754.212897315794,-6.582148493305864,-0.4918235633427724,-6.090324929963091
5.130260521042084,754.2028953995086,-6.567847529217555,-0.5063149278908395,-6.061532601326715
5.150300601202405,754.1926062771951,-6.553345000426711,-0.5204852101323086,-6.032859790294403
5.170340681362725,754.1820364737548,-6.5386501037891644,-0.5343254239072689,-6.004324679881895
5.190380761523046,754.1711926920851,-6.52377215815184,-0.5478267923704844,-5.975945365781356
5.210420841683367,754.1600818088276,-6.508720598443152,-0.5609807535572774,-5.9477398448858745
5.2304609218436875,754.1487108700084,-6.493504969689813,-0.5737789658131442,-5.919726003876669
5.2505010020040075,754.1370870865685,-6.478134920963787,-0.5862133130836578,-5.891921607880129
5.270541082164328,754.1252178297922,-6.462620199263285,-0.5982759100613104,-5.864344289201975
5.290581162324649,754.113110626632,-6.446970643331659,-0.6099591071860206,-5.8370115361456385
5.31062124248497,754.1007731549349,-6.431196177418107,-0.6212554954961421,-5.809940681921964
5.33066132264529,754.0882132385747,-6.41530680498415,-0.6321579113268982,-5.783148893657252
5.350701402805611,754.0754388424889,-6.399312602359896,-0.6426594408532579,-5.756653161506638
5.370741482965932,754.0624580676288,-6.383223712354075,-0.6527534244743731,-5.730470287879703
5.390781563126252,754.049279145822,-6.367050337821927,-0.6624334610367999,-5.704616876785127
5.410821643286573,754.0359104345517,-6.350802735195,-0.6716934118938274,-5.679109323301173
5.430861723446894,754.0223604116576,-6.33449120797698,-0.6805274047983292,-5.653963803178652
5.4509018036072145,754.0086376699586,-6.318126100209684,-0.6889298376266819,-5.629196262583002
5.4709418837675345,753.9947509118045,-6.301717789913309,-0.6968953819313819,-5.604822407981927
5.490981963927855,753.9807089435569,-6.28527668250517,-0.7044189863201089,-5.580857696185062
5.511022044088176,753.9665206700048,-6.268813204201046,-0.7114958796590918,-5.5573173245419545
5.531062124248497,753.9521950887172,-6.252337795403337,-0.7181215740987499,-5.534216221304587
5.551102204408817,753.9377412843378,-6.235860904080228,-0.7242918679196864,-5.511569036160542
5.571142284569138,753.9231684228237,-6.219392979140059,-0.7300028481972307,-5.489390130942828
5.591182364729459,753.9084857456323,-6.202944463805086,-0.7352508932828405,-5.467693570522246
5.611222444889779,753.8937025638619,-6.186525788988865,-0.74003267510079,-5.446493113888075
5.6312625250501,753.8788282523456,-6.170147366681425,-0.7443451612586864,-5.425802205422738
5.651302605210421,753.8638722437073,-6.153819583346452,-0.7481856169704775,-5.405633966375975
5.671342685370742,753.8488440223797,-6.137552793334664,-0.7515516067907312,-5.386001186543933
5.691382765531062,753.833753118589,-6.121357312317528,-0.7544409961590858,-5.366916316158442
5.7114228456913825,753.8186091023124,-6.105243410745543,-0.7568519527538937,-5.348391457991649
5.731462925851703,753.8034215772084,-6.08922130733516,-0.758782947654197,-5.330438359680963
5.751503006012024,753.7882001745269,-6.073301162588546,-0.760232756309301,-5.313068406279245
5.771543086172344,753.7729545470012,-6.05749307235023,-0.7612004593153299,-5.2962926130349
5.791583166332665,753.7576943627274,-6.041807061404783,-0.7616854429982711,-5.280121618406512
5.811623246492986,753.7424292990326,-6.02625307711954,-0.7616873998031412,-5.264565677316399
5.831663326653306,753.7271690363381,-6.010840983136431,-0.7612063284890213,-5.2496346546474095
5.851703406813627,753.7119232520206,-5.995580553116891,-0.7602425341298463,-5.235338018987045
5.871743486973948,753.6967016142756,-5.980481464543848,-0.7587966279209392,-5.2216848366229085
5.891783567134269,753.6815137759856,-5.9655532925846915,-0.756869526791419,-5.208683765793273
5.911823647294589,753.6663693685992,-5.95080550401913,-0.7544624528227245,-5.196343051196406
5.9318637274549095,753.6512779960229,-5.936247451235785,-0.7515769324736257,-5.184670518762159
5.95190380761523,753.6362492285308,-5.921888366301319,-0.7482147956122115,-5.1736735706891075
5.971943887775551,753.6212925966959,-5.907737355105876,-0.7443781743554689,-5.163359180750407
5.991983967935871,753.606417585346,-5.893803391588534,-0.7400695017171901,-5.153733889871344
6.012024048096192,753.5916336275484,-5.880095312046421,-0.7352915100650631,-5.144803801981358
6.032064128256513,753.5769500986291,-5.86662180953115,-0.730047229387927,-5.136574580143223
6.052104208416833,753.5623763102258,-5.853391428336058,-0.7243399853742886,-5.12905144296177
6.072144288577154,753.547921504384,-5.840412558577803,-0.7181733973033175,-5.122239161274486
6.092184368737475,753.533594847696,-5.827693430875729,-0.711551375749664,-5.116142055126065
6.112224448897796,753.5194054254871,-5.815242111132371,-0.7044781201035444,-5.110763991028827
6.132264529058116,753.5053622360552,-5.803066495418423,-0.6969581159076775,-5.106108379510745
6.152304609218437,753.4914741849634,-5.791174304965399,-0.6889961320127522,-5.102178172952647
6.1723446893787575,753.4777500793934,-5.779573081269174,-0.6805972175532363,-5.098975863715937
6.192384769539078,753.4641986225597,-5.768270181307511,-0.6717666987454416,-5.096503482562069
6.212424849699398,753.4508284081907,-5.7572727728745825,-0.6625101755098745,-5.094762597364708
6.232464929859719,753.4376479150792,-5.746587830035485,-0.6528335179200156,-5.093754312115469
6.25250501002004,753.424665501705,-5.736222128703596,-0.642742862479784,-5.093479266223812
6.27254509018036,753.4118894009346,-5.72618224234359,-0.6322446082320398,-5.09393763411155
6.292585170340681,753.3993277148003,-5.716474537802845,-0.6213454127005945,-5.09512912510225
6.312625250501002,753.3869884093623,-5.7071051712738665,-0.6100521876683099,-5.097052983605557
6.332665330661323,753.3748793096568,-5.698080084390314,-0.598372094793954,-5.09970798959636
6.352705410821643,753.3630080947337,-5.689405000459074,-0.5863125410705956,-5.1030924593884786
6.372745490981964,753.3513822927873,-5.681085420830797,-0.573881174128419,-5.107204246702378
6.3927855711422845,753.3400092763818,-5.67312662141119,-0.5610858773849435,-5.112040744026246
6.4128256513026045,753.328896257776,-5.665533649315267,-0.5479347650457057,-5.117598884269562
6.432865731462925,753.31805028435,-5.658311319666703,-0.5344361769585997,-5.123875142708103
6.452905811623246,753.3074782341351,-5.651464212544286,-0.5205986733251109,-5.130865539219175
6.472945891783567,753.2971868114538,-5.644996670077445,-0.5064310292718256,-5.138565640805619
6.492985971943887,753.2871825426662,-5.63891279369266,-0.4919422292856344,-5.146970564407026
6.513026052104208,753.2774717720328,-5.633216441512529,-0.4771414615161704,-5.156074979996358
6.533066132264529,753.2680606576903,-5.627911225909102,-0.46203811194909683,-5.165873113960005
6.55310621242485,753.258955167747,-5.623000511213099,-0.4466417584539367,-5.176358752759162
6.57314629258517,753.250161076498,-5.61848741158038,-0.4309621647102137,-5.187525246870166
6.593186372745491,753.2416839607628,-5.614374789017099,-0.4150092740157595,-5.19936551500134
6.613226452905812,753.2335291963497,-5.61066525156475,-0.3987932029811265,-5.211872048583624
6.633266533066132,753.2257019546458,-5.607361151646252,-0.38232423511407665,-5.225036916532176
6.6533066132264524,753.2182071993383,-5.604464584574155,-0.3656128142982451,-5.23885177027591
6.673346693386773,753.2110496832659,-5.601977387221888,-0.34866953817009694,-5.253307849051791
6.693386773547094,753.2042339454057,-5.599901136858888,-0.33150515139837766,-5.2683959854605105
6.713426853707414,753.1977643079941,-5.598237150150377,-0.31413053887032233,-5.2841066112800545
6.733466933867735,753.1916448737861,-5.596986482322382,-0.2965567187889479,-5.300429763533434
6.753507014028056,753.1858795234534,-5.596149926492564,-0.2787948356858045,-5.3173550908067595
6.773547094188377,753.1804719131237,-5.595728013167255,-0.2608561533536069,-5.334871859813648
6.793587174348697,753.1754254720619,-5.595721009905038,-0.24275204770324388,-5.352968962201794
6.813627254509018,753.1707434004954,-5.5961289211470655,-0.22449399954967902,-5.371634921597386
6.833667334669339,753.1664286675849,-5.5969514882142555,-0.20609358733133382,-5.390857900882922
6.853707414829659,753.1624840095409,-5.598188189471322,-0.18756247976756307,-5.4106257097037584
6.8737474949899795,753.1589119278898,-5.599838240657579,-0.1689124284588655,-5.430925812198714
6.8937875751503,753.1557146878858,-5.601900595384287,-0.15015526043455402,-5.451745334949734
6.913827655310621,753.152894317076,-5.6043739457982165,-0.1313028706525714,-5.473071075145645
6.933867735470941,753.1504526040131,-5.607256723411035,-0.11236721445625064,-5.494889508954784
6.953907815631262,753.148391097123,-5.610547100093976,-0.09336029999275891,-5.517186800101217
6.973947895791583,753.1467111037208,-5.6142429892371535,-0.07429418059807685,-5.5399488086390765
6.993987975951904,753.1454136891834,-5.618342047072793,-0.05518094715330757,-5.563161099919485
7.014028056112224,753.1444996762732,-5.622841674161547,-0.03603272041717703,-5.58680895374437
7.034068136272545,753.1439696446165,-5.627739017040951,-0.01686164333959317,-5.610877373701358
7.054108216432866,753.1438239303353,-5.633030970034945,0.0023201266388678254,-5.635351096673812
7.074148296593186,753.1440626258354,-5.63871417722337,0.021500425296669567,-5.66021460252004
7.0941883767535066,753.1446855797467,-5.644785034570138,0.0406670893453242,-5.685452123915462
7.114228456913827,753.1456923970196,-5.651239692208747,0.05980796414280404,-5.711047656351551
7.134268537074148,753.1470824391757,-5.658074056883698,0.07891091140146955,-5.736984968285167
7.154308617234468,753.1488548247121,-5.665283794546252,0.0979638168856315,-5.763247611431884
7.174348697394789,753.1510084296615,-5.672864333102896,0.11695459809386283,-5.789818931196759
7.19438877755511,753.1535418883034,-5.680810865314752,0.1358712119211711,-5.816682077235924
7.214428857715431,753.156453594032,-5.689118351846121,0.1547016622962086,-5.843820014142329
7.234468937875751,753.159741700373,-5.697781524460195,0.17343400778863444,-5.871215532248829
7.254509018036072,753.1634041221569,-5.7067948893599505,0.19205636918184632,-5.8988512585417965
7.274549098196393,753.167438536839,-5.716152730672059,0.21055693700623862,-5.926709667678297
7.294589178356713,753.171842385974,-5.72584911407164,0.22892397902825098,-5.954773093099892
7.314629258517034,753.1766128768372,-5.735877890545548,0.2471458476904163,-5.983023738235964
7.3346693386773545,753.1817469841968,-5.746232700291801,0.2652109874977313,-6.011443687789533
7.354709418837675,753.1872414522311,-5.756906976752679,0.28310794234562653,-6.040014919098305
7.374749498997995,753.1930927965941,-5.767893950778945,0.3008253627849198,-6.068719313563865
7.394789579158316,753.1992973066244,-5.7791866549225395,0.3183520132191323,-6.097538668141672
7.414829659318637,753.2058510476992,-5.790777927855018,0.3356767790295994,-6.126454706884617
7.434869739478958,753.2127498637284,-5.802660418908953,0.35278867362386274,-6.155449092532816
7.454909819639278,753.2199893797913,-5.81482659273939,0.36967684540287876,-6.1845034381422685
7.474949899799599,753.2275650049103,-5.827268734102439,0.38633058464262177,-6.213599318745061
7.49498997995992,753.2354719349621,-5.839978952747921,0.40273933028570397,-6.242718283033625
7.51503006012024,753.2437051557254,-5.852949188423029,0.4188926766387344,-6.271841865061763
7.535070140280561,753.2522594460589,-5.866171215983771,0.43478037997114144,-6.3009515959549125
7.5551102204408815,753.2611293812145,-5.879636650610989,0.4503923650112866,-6.330029015622276
7.575150300601202,753.2703093362749,-5.893336953127638,0.4657187313357542,-6.359055684463392
7.595190380761522,753.279793489723,-5.907263435413951,0.48074975964775957,-6.38801319506171
7.615230460921843,753.2895758271328,-5.921407265917058,0.4954759179406907,-6.416883183857748
7.635270541082164,753.2996501449824,-5.935759475251558,0.5098878675428787,-6.4456473427944365
7.655310621242485,753.3100100545897,-5.950310961887505,0.5239764690397689,-6.474287430927274
7.675350701402805,753.3206489861631,-5.965052497922194,0.5377327880697311,-6.5027852859919255
7.695390781563126,753.3315601929672,-5.979974734932078,0.551148100989827,-6.531122835921905
7.715430861723447,753.3427367556023,-5.99506820990113,0.5642139004079614,-6.559282110309091
7.735470941883767,753.3541715863917,-6.010323351221856,0.5769219005778832,-6.587245251799739
7.755511022044088,753.3658574338764,-6.025730484765186,0.5892640426536425,-6.614994527418828
7.775551102204409,753.3777868874142,-6.04127984001537,0.6012324998001441,-6.642512339815514
7.7955911823647295,753.3899523818787,-6.056961556266012,0.6128196821565832,-6.669781238422596
7.8156312625250495,753.4023462024568,-6.072765688873275,0.624018241649589,-6.696783930522864
7.83567134268537,753.414960489541,-6.088682215562346,0.6348210766530513,-6.723503292215398
7.855711422845691,753.4277872437142,-6.1047010427831,0.6452213364916495,-6.74992237927475
7.875751503006012,753.4408183308219,-6.120812012110988,0.6552124257852462,-6.7760244378962335
7.895791583166332,753.454045487131,-6.137004906689054,0.664788008631385,-6.801792915320439
7.915831663326653,753.4674603245696,-6.153269457707007,0.6739420126232344,-6.827211470330242
7.935871743486974,753.4810543360474,-6.169595350913246,0.6826686327004363,-6.852263983613683
7.955911823647294,753.4948189008495,-6.185972233155688,0.690962334830417,-6.876934567986105
7.975951903807615,753.508745290104,-6.202389718947292,0.6988178595178246,-6.901207578465117
7.995991983967936,753.522824672317,-6.2188373970520505,0.7062302251398649,-6.925067622191915
8.016032064128256,753.5370481189732,-6.2353048370873445,0.7131947311054219,-6.948499568192767
8.036072144288577,753.5514066101982,-6.2517815961384215,0.7197069608359672,-6.971488556974389
8.056112224448897,753.5658910404786,-6.268257225380824,0.7257627845663526,-6.994020009947177
8.076152304609218,753.5804922244356,-6.284721276706569,0.7313583619637241,-7.016079638670293
8.09619238476954,753.5952009026507,-6.301163309349873,0.7364901445628913,-7.037653453912764
8.11623246492986,753.6100077475376,-6.317572896508214,0.7411548780166026,-7.058727774524816
8.13627254509018,753.6249033692563,-6.3339396319545465,0.7453496041593075,-7.079289236113854
8.1563126252505,753.6398783216695,-6.350253136636473,0.7490716628830958,-7.099324799519569
8.176352705410821,753.6549231083311,-6.3665030652581605,0.7523186938246145,-7.118821759082775
8.196392785571142,753.6700281885095,-6.382679112840878,0.7550886378619088,-7.137767750702787
8.216432865731463,753.685183983238,-6.3987710212579465,0.7573797384202232,-7.1561507596781695
8.236472945891784,753.7003808813885,-6.4147685857399885,0.7591905425859432,-7.173959128325932
8.256513026052104,753.715609245767,-6.430661661346331,0.7605199020279683,-7.1911815633742995
8.276553106212425,753.7308594192257,-6.446440169398484,0.7613669737259323,-7.207807143124416
8.296593186372744,753.7461217307854,-6.462094103871573,0.761731220504809,-7.223825324376382
8.316633266533065,753.7613865017701,-6.477613537739734,0.7616124113755649,-7.2392259491152995
8.336673346693386,753.7766440519442,-6.492988629271369,0.7610106216816414,-7.25399925095301
8.356713426853707,753.7918847056509,-6.508209628270338,0.7599262330511765,-7.268135861321515
8.376753507014028,753.8070987979486,-6.523266882259112,0.7583599331549922,-7.281626815414104
8.396793587174349,753.8222766807396,-6.538150842599921,0.7563127152705047,-7.294463557870426
8.41683366733467,753.8374087288888,-6.552852070550091,0.7537858776518329,-7.3066379482019235
8.436873747494989,753.8524853463273,-6.567361243247661,0.7507810227065035,-7.318142265954164
8.45691382765531,753.8674969721379,-6.581669159623536,0.7473000559792735,-7.32896921560281
8.47695390781563,753.8824340866181,-6.595766746236388,0.7433451849437227,-7.33911193118011
8.496993987975952,753.8972872173175,-6.609645063026622,0.7389189176023692,-7.348563980628991
8.517034068136272,753.912046945044,-6.6232953089857745,0.7340240608962084,-7.357319369881983
8.537074148296593,753.9267039098377,-6.636708827737711,0.7286637189246761,-7.365372546662387
8.557114228456914,753.9412488169064,-6.649877113028116,0.7228412909771652,-7.372718404005281
8.577154308617233,753.9556724425198,-6.662791814118778,0.716560469377352,-7.3793522834961305
8.597194388777554,753.9699656398591,-6.675444741083256,0.7098252371416858,-7.385269978224942
8.617234468937875,753.984119344817,-6.687827870000567,0.7026398654535396,-7.390467735454107
8.637274549098196,753.9981245817462,-6.699933348043594,0.695008910954617,-7.394942258998211
8.657314629258517,754.011972469151,-6.711753498458995,0.686937212855333,-7.398690711314328
8.677354709418838,754.0256542253203,-6.72328082543547,0.6784298898660014,-7.401710715301472
8.697394789579159,754.0391611738951,-6.734508018857257,0.6694923369507801,-7.404000355808037
8.71743486973948,754.0524847493723,-6.745427958939888,0.6601302219064249,-7.405558180846313
8.737474949899799,754.0656165025356,-6.756033720745229,0.6503494817680244,-7.406383202513254
8.75751503006012,754.0785481058139,-6.7663185785729825,0.6401563190439987,-7.406474897616981
8.77755511022044,754.0912713585619,-6.776276010225806,0.6295571977827483,-7.405833208008555
8.797595190380761,754.1037781922615,-6.78589970114542,0.6185588394734378,-7.404458540618857
8.817635270541082,754.1160606756373,-6.795183548416999,0.6071682187835331,-7.402351767200532
8.837675350701403,754.1281110196871,-6.804121664639376,0.595392559135777,-7.399514223775153
8.857715430861724,754.139921582621,-6.812708381658576,0.5832393281274144,-7.39594770978599
8.877755511022043,754.1514848747079,-6.820938254162293,0.5707162327945827,-7.391654486956876
8.897795591182364,754.1627935630245,-6.8288060631330705,0.5578312147248432,-7.386637277857914
8.917835671342685,754.1738404761056,-6.836306819157972,0.5445924450209924,-7.380899264178964
8.937875751503006,754.1846186084928,-6.843435765592638,0.5310083191193069,-7.374444084711945
8.957915831663327,754.195121125176,-6.850188381577739,0.5170874514655358,-7.3672758330432755
8.977955911823647,754.2053413659283,-6.856560384905906,0.5028386700519991,-7.359399054957906
8.997995991983968,754.2152728495297,-6.8625477347373085,0.48827101081927693,-7.350818745556586
9.018036072144287,754.224909277877,-6.868146634162182,0.47339371192601587,-7.341540346088197
9.038076152304608,754.2342445399778,-6.873353532608653,0.4582162078904959,-7.331569740499149
9.05811623246493,754.2432727158259,-6.878165128094358,0.44274812360769294,-7.320913251702051
9.07815631262525,754.2519880801557,-6.882578369320406,0.4269992682455882,-7.309577637565994
9.098196392785571,754.2603851060724,-6.886590457606383,0.4109796290246406,-7.297570086631024
9.118236472945892,754.2684584685572,-6.890198848665145,0.39469936488433344,-7.284898213549479
9.138276553106213,754.2762030478447,-6.893401254216296,0.3781688000408311,-7.271570054257127
9.158316633266534,754.2836139326683,-6.896195643437309,0.3613984174398178,-7.257594060877127
9.178356713426853,754.2906864233762,-6.898580244251385,0.3443988521086908,-7.242979096360076
9.198396793587174,754.2974160349106,-6.900553544451228,0.32718088441228765,-7.227734428863515
9.218436873747494,754.3037984996525,-6.902114292658008,0.30975543321647536,-7.211869725874483
9.238476953907815,754.3098297701282,-6.903261499114944,0.29213354896388516,-7.1953950480788285
9.258517034068136,754.3155060215753,-6.903994436314954,0.27432640666621333,-7.178320842981167
9.278557114228457,754.3208236543685,-6.904312639462013,0.25634529881753554,-7.160657938279549
9.298597194388778,754.3257792963029,-6.9042159067658995,0.2382016282331058,-7.142417534999005
9.318637274549097,754.3303698047317,-6.903704299570169,0.21990690081820535,-7.123611200388375
9.338677354709418,754.3345922685597,-6.902778142313246,0.20147271827160068,-7.1042508605848464
9.358717434869739,754.3384440100887,-6.901438022322688,0.1829107707282812,-7.084348793050969
9.37875751503006,754.3419225867165,-6.899684789442719,0.16423282934608285,-7.0639176187888015
9.39879759519038,754.3450257924851,-6.8975195554953,0.14545073884095577,-7.042970294336256
9.418837675350701,754.3477516594802,-6.894943693575067,0.12657640997557068,-7.021520103550638
9.438877755511022,754.3500984590787,-6.891958837178565,0.1076218120060416,-6.999580649184607
9.458917835671341,754.352064703045,-6.88856687916837,0.0885989650915674,-6.977165844259938
9.478957915831662,754.3536491444752,-6.884769970572707,0.06951993267177481,-6.954289903244482
9.498997995991983,754.3548507785872,-6.880570519221371,0.05039681381662775,-6.930967333037999
9.519038076152304,754.3556688433584,-6.875971188218793,0.031241735553740435,-6.9072129237725335
9.539078156312625,754.3561028200086,-6.870974894255209,0.012066845177955587,-6.883041739433165
9.559118236472946,754.3561524333294,-6.865584805757028,-0.0071156974519311356,-6.858469108305097
9.579158316633267,754.355817651858,-6.8598043408775675,-0.026293727624402352,-6.833510613253165
9.599198396793588,754.3550986878979,-6.8536371653293955,-0.04545508348953958,-6.808182081839856
9.619238476953907,754.353995997384,-6.847087190059715,-0.064587613771528,-6.782499576288187
9.639278557114228,754.3525102795934,-6.8401585687702084,-0.08367918547444964,-6.756479383295758
9.659318637274549,754.3506424767019,-6.832855695282946,-0.10271769157648325,-6.730138003706463
9.67935871743487,754.3483937731864,-6.825183200754023,-0.12169105870764646,-6.703492142046377
9.69939879759519,754.3457655950747,-6.817145950736686,-0.14058725480617792,-6.676558695930508
9.719438877755511,754.3427596090396,-6.8087490420958146,-0.15939429674873729,-6.649354745347077
9.739478957915832,754.3393777213432,-6.799997799775718,-0.17810025794957102,-6.621897541826147
9.759519038076151,754.3356220766275,-6.790897773423297,-0.1966932759238091,-6.594204497499488
9.779559118236472,754.3314950565548,-6.781454733868703,-0.21516155981013937,-6.566293174058563
9.799599198396793,754.3269992782966,-6.771674669465731,-0.2334933978480272,-6.538181271617703
9.819639278557114,754.3221375928749,-6.7615637822942825,-0.25167716480480196,-6.509886617489481
9.839679358717435,754.3169130833533,-6.7511284842272765,-0.26970132934785596,-6.4814271548794204
9.859719438877756,754.311329062882,-6.740375392864529,-0.28755446135730545,-6.452820931507223
9.879759519038076,754.3053890725978,-6.729311327336165,-0.30522523917445443,-6.424086088161711
9.899799599198396,754.2990968793767,-6.717943303978235,-0.32270245678148757,-6.395240847196747
9.919839679358716,754.2924564734468,-6.706278531883258,-0.33997503090783443,-6.366303500975423
9.939879759519037,754.2854720658569,-6.694324408328552,-0.3570320080586684,-6.337292400269884
9.959919839679358,754.2781480858062,-6.682088514085198,-0.37386257146113877,-6.308225942624059
9.97995991983968,754.2704891778354,-6.669578608610664,-0.3904560479238747,-6.279122560686789
10.0,754.2625001988821,-6.656802625128092,-0.4068019146054505,-6.250000710522642
