time_s,V_A,P_A,f_o,f_c,p_o,p_c,z
0,1,760,0.1368,0.05263,40,46,4.4219e-07
0.02004008016032064,1.063362727590565,759.8699750793094,0.13684328240850072,0.05259117852365362,42.81235064484605,37.15957511444933,0.0002589774734474108
0.04008016032064128,1.1237948473306156,759.7465547332336,0.1369925937771558,0.05247361320685011,45.977923624035746,31.630257888188932,0.00047061184147452906
0.06012024048096192,1.1814457619350596,759.6294272202563,0.13723126394182092,0.05229086674286086,49.582212893766496,28.16821658090104,0.0006523845965019942
0.08016032064128256,1.2364574644347126,759.5182941200807,0.13754572996524153,0.052053597931896164,53.722778344992236,25.994468349759302,0.0008149318036056903
0.1002004008016032,1.2889648963969542,759.4128702897955,0.13792480508169602,0.0517703790641794,58.496392552632464,24.621456189553765,0.0009648807410743991
0.12024048096192384,1.3390962887130338,759.3128835879052,0.1383591525715946,0.051448236482876726,63.963484718665505,23.744288017475366,0.0011063508564133808
0.1402805611222445,1.3869734858068623,759.2180744342606,0.13884089039971123,0.05109302004586726,70.07533320293646,23.172532559316608,0.0012418943963981932
0.16032064128256512,1.4327122540770456,759.1281952359924,0.13936327779864877,0.05070966387597913,76.57258461946039,22.787452954738384,0.0013730856775697646
0.18036072144288576,1.4764225753452822,759.0430097217528,0.1399204589348033,0.0503023757604669,82.93872103649223,22.51519483518153,0.0015008900617718458
0.2004008016032064,1.5182089260461735,758.9622923051262,0.14050726872308383,0.049874777162684514,88.54628835173276,22.30998041761777,0.0016258948373526563
0.22044088176352705,1.5581705428572465,758.885827643011,0.14111912019953737,0.04943000697445364,92.96567981203748,22.14357719812595,0.001748453555766143
0.24048096192384769,1.5964016754336219,758.8134104080182,0.14175196137431073,0.04897079913509889,96.14724975259722,21.99870065651874,0.0018687761465036356
0.2605210420841683,1.6329918268813506,758.744845091012,0.14240225020959965,0.04849954335121189,98.32345682069568,21.86488321831915,0.001986985074417172
0.280561122244489,1.668025982565951,758.6799456759327,0.14306691014770864,0.048018335196235475,99.80544595664895,21.735889338227175,0.0021031502426566854
0.3006012024048096,1.7015848278352543,758.6185351940303,0.1437432678714202,0.047529018268357606,100.85554564675097,21.608099755012393,0.0022173106045413286
0.32064128256513025,1.7337449551948239,758.5604452383429,0.14442898982857202,0.04703321945911886,101.654384295932,21.479503012000684,0.0023294874748496313
0.3406813627254509,1.764579061452853,758.5055154952436,0.14512202764548282,0.04653237826008749,102.31352951796413,21.349067201324456,0.002439692666302143
0.3607214428857715,1.7941561353308924,758.4535933120329,0.14582057440956622,0.046027771138506084,102.89763038917086,21.216349564986118,0.00254793340735807
0.3807615230460922,1.8225416360057534,758.4045333002093,0.14652303018381746,0.04552053194335295,103.44260436951943,21.08125474037334,0.0026542152642660254
0.4008016032064128,1.8497976630271,758.358196968705,0.1472279744935739,0.04501166913307161,103.96774410674965,20.943885781161615,0.0027585438310569993
0.42084168336673344,1.875983118022056,758.3144523816269,0.14793414392918205,0.04450208044137644,104.48305097778783,20.804452989011228,0.0028609256636645025
0.4408817635270541,1.9011538586392156,758.2731738363564,0.14864041353873156,0.04399256545728887,104.9934611037037,20.663218688984045,0.0029613687544628635
0.4609218436873747,1.9253628450126385,758.2342415594685,0.1493457811079678,0.04348383648371652,105.50120917325162,20.520464286404092,0.0030598827311711665
0.48096192384769537,1.9486602792388859,758.1975414183295,0.15004935369624334,0.04297652796695561,106.00712412433217,20.376471075815818,0.003156478893745263
0.501002004008016,1.9710937380755464,758.1629646473374,0.15075033599143392,0.04247120472265639,106.51132771682255,20.231509488004953,0.0032511701592486536
0.5210420841683366,1.9927082994072773,758.1304075873654,0.15144802015185263,0.04196836914891338,107.01360527079513,20.08583347067496,0.0033439709572409483
0.5410821643286573,2.013546662445177,758.0997714383197,0.15214177690147362,0.041468467568919726,107.51359886128354,19.93967795059541,0.0034348971016420083
0.561122244488978,2.0336492622761515,758.0709620234802,0.15283104767529485,0.04097189583558662,108.01090563183838,19.79325811313958,0.0035239656541531583
0.5811623246492986,2.053054378938672,758.0438895652358,0.1535153376653873,0.040479004298392546,108.50512602894483,19.64676972086677,0.003611194788146859
0.6012024048096192,2.0717982412452827,758.0184684717614,0.1541942096435533,0.03999010221784517,108.9958860136256,19.50038999628494,0.0036966036579439603
0.6212424849699398,2.0899151256538944,757.994617134024,0.15486727845521253,0.039505461701254616,109.4828460029224,19.354278783327455,0.0037802122759625265
0.6412825651302605,2.107437450418442,757.9722577326543,0.1555342060978777,0.03902532122097384,109.9657032229821,19.208579817925337,0.0038620413988307064
0.6613226452905812,2.1243958652979837,757.9513160541251,0.15619469730961658,0.038549888768083386,110.44419092684923,19.063422010060332,0.003942112422704386
0.6813627254509018,2.140819336926327,757.9317213160351,0.15684849560769226,0.038079344684136554,110.91807623558115,18.918920681987114,0.004020447287615436
0.7014028056112224,2.1567352302005145,757.9134060007715,0.1574953797203387,0.03761384421168995,111.38715747314748,18.775178735854265,0.004097068390338013
0.721442885771543,2.1721693856077082,757.8963056977207,0.15813516037147202,0.03715351979236871,111.85126142074282,18.63228773634272,0.004171998505260949
0.7414829659318637,2.1871461935631844,757.8803589518413,0.1587676773612225,0.03669848315326724,112.3102406666777,18.49032891130493,0.004245260712473476
0.7615230460921844,2.20168866386695,757.8655071224571,0.15939279694793498,0.036248827177774154,112.76397116533988,18.349374058005242,0.0043168783328275855
0.781563126252505,2.215818493741119,757.8516942452102,0.1600104094389286,0.03580462762694894,113.21234997317836,18.20948638192338,0.004386874868828851
0.8016032064128256,2.2295561307899368,757.8388669046299,0.16062042703513002,0.035365944679419385,113.65529322232632,18.070721248507624,0.004455273951389393
0.8216432865731462,2.2429208345377156,757.8269741098601,0.16122278184325772,0.034932824351338335,114.0927342635052,17.933126876811247,0.004522099291483352
0.8416833667334669,2.255930734025044,757.8159671786791,0.16181742408225372,0.03450529977747717,114.52462200250585,17.79674496438361,0.004587374636526571
0.8617234468937875,2.2686028833052463,757.8057996260461,0.1624043204373372,0.03408339238670355,114.9509193878583,17.66161125971043,0.004651123730919295
0.8817635270541082,2.280953314105196,757.7964270586726,0.1629834525604384,0.03366711297279189,115.3716020460238,17.5277560823867,0.004713370280434372
0.9018036072144289,2.2929970860013573,757.787807074895,0.16355481569928093,0.033256462673239055,115.78665704561452,17.39520479742739,0.004774137920073557
0.9218436873747494,2.304748334559947,757.7798991689197,0.16411841743867167,0.03285143386782362,116.19608177397703,17.263978249656272,0.004833450185140032
0.9418837675350701,2.3162203167223994,757.7726646409104,0.16467427655402808,0.0324520109969501,116.5998829231981,17.134093158210373,0.0048913304851386915
0.9619238476953907,2.327425454657824,757.7660665104021,0.16522242195301817,0.03205817131695394,116.99807556302044,17.005562480026615,0.0049478020804010195
0.9819639278557114,2.338375377215336,757.7600694348133,0.165762891709063,0.03166988558975759,117.39068230159948,16.87839574093768,0.005002888061071941
1.002004008016032,2.3490809596052693,757.7546396317604,0.16629573217217314,0.031287118717231624,117.77773252016256,16.75259933974552,0.00505661132832497
1.0220440881763526,2.3595523612385634,757.7497448053073,0.16682099715222937,0.030909830323770735,118.15926167589696,16.628176827061836,0.00510899457759462
1.0420841683366733,2.3697990618340223,757.745354075921,0.1673387471681783,0.03053797529175409,118.53531066627492,16.505129161307583,0.005160060283657941
1.062124248496994,2.37982989587736,757.7414379139491,0.16784904875750564,0.030171504253922038,118.90592524896246,16.38345494392388,0.005209830687409358
1.0821643286573146,2.389653085511799,757.7379680764492,0.16835197384090145,0.029810364046307356,119.27115551209094,16.263150635635732,0.005258327784186853
1.1022044088176353,2.3992762719359906,757.7349175472056,0.16884759913751993,0.029454498125009134,119.63105539022594,16.144210755422723,0.005305573313519895
1.122244488977956,2.408706545381267,757.7322604797776,0.16933600562667192,0.029103846949786148,119.98568222185713,16.026628063685497,0.005351588750180751
1.1422845691382766,2.417950473740206,757.7299721434209,0.16981727805215321,0.02875834833718514,120.33509634464768,15.910393730959814,0.0053963952964330136
1.1623246492985972,2.4270141298922123,757.7280288717845,0.1702915044659017,0.028417937785570765,120.67936072517743,15.795497493335821,0.005440013875366819
1.1823647294589177,2.4359031178293744,757.7264080141571,0.1707587758075924,0.028082548774478466,121.01854061993924,15.681927795797087,0.005482465125253592
1.2024048096192383,2.4446225975965135,757.7250878892295,0.17121918551762888,0.027752113040112415,121.35270326510242,15.569671924342016,0.005523769394811989
1.222444889779559,2.4531773091258633,757.7240477412003,0.17167282918076524,0.02742656082896348,121.68191759244735,15.458716127861788,0.005563946739321765
1.2424849699398797,2.4615715950132055,757.7232676981183,0.17211980419803166,0.027105821131212404,122.00625396928149,15.349045730575408,0.005603016917511848
1.2625250501002003,2.469809422286118,757.722728732351,0.17256020948479125,0.02678982189547133,122.32578396032162,15.240645235768312,0.005640999389157997
1.282565130260521,2.4778944032120926,757.7224126230731,0.1729941451929405,0.026478490226284977,122.64058010971715,15.133498421514027,0.005677913313330311
1.3026052104208417,2.4858298151918903,757.7223019206735,0.1734217124554301,0.02617175256569512,122.95071574155689,15.027588428999236,0.005713777547235599
1.3226452905811623,2.4936186197812087,757.7223799129865,0.17384301315143127,0.025869534860065917,123.2562647773522,14.922897844019309,0.005748610645603872
1.342685370741483,2.5012634808815672,757.7226305932523,0.1742581496906081,0.025571762713271086,123.55730156912423,14.819408772163458,0.005782430860572171
1.3627254509018036,2.508766782139269,757.723038629724,0.1746672248150777,0.025278361527256297,123.8539007468437,14.71710290816537,0.005815256142022498
1.3827655310621243,2.51613064358932,757.723589336835,0.1750703414177527,0.02498925663091065,124.14613707908084,14.615961599856037,0.005847104138334008
1.4028056112224447,2.5233569375793308,757.7242686478478,0.17546760237586106,0.024704373398108437,124.43408534582089,14.515965907120036,0.005877992197512556
1.4228456913827654,2.5304473040066586,757.7250630889123,0.175859110398531,0.024423637355716257,124.71782022248951,14.417096656224391,0.005907937368663582
1.442885771543086,2.5374031649003665,757.7259597544579,0.17624496788741342,0.02414697428230022,124.99741617431161,14.31933448985997,0.005936956403776817
1.4629258517034067,2.544225738377958,757.726946283853,0.1766252768093912,0.023874310298212534,125.27294736020056,14.222659913208727,0.005965065759793714
1.4829659318637274,2.5509160520053555,757.7280108392681,0.17700013858049596,0.023605571947686158,125.54448754543914,14.127053336326,0.005992281600930671
1.503006012024048,2.5574749555871215,757.7291420846798,0.17736965396021726,0.023340686273520022,125.81211002247439,14.032495113104899,0.006018619801233147
1.5230460921843687,2.5639031334125537,757.7303291659547,0.1777339229554496,0.023079580884894205,126.07588753920149,13.9389655770697,0.006044095947337634
1.5430861723446894,2.5702011159820053,757.7315616919619,0.17809304473337612,0.022822184018815844,126.33589223416213,13.84644507422666,0.006068725341420172
1.56312625250501,2.5763692912364964,757.7328297166571,0.17844711754263992,0.022568424595659962,126.59219557812686,13.754913993183784,0.006092523004311713
1.5831663326653307,2.5824079153125488,757.7341237220878,0.1787962386421991,0.022318232269236477,126.84486832157253,13.664352792735533,0.006115503678762086
1.6032064128256511,2.5883171228430446,757.7354346022743,0.17914050423730482,0.022071537471783875,127.09398044760349,13.574742027094201,0.006137681832835721
1.6232464929859718,2.5940969368238336,757.7367536479164,0.17948000942208234,0.02182827145426172,127.33960112989878,13.486062368936617,0.006159071663423544
1.6432865731462925,2.599747278064825,757.7380725318861,0.1798148481282293,0.021588366322288118,127.58179869530008,13.398294630422734,0.006179687099856637
1.6633266533066131,2.6052679742433345,757.7393832954606,0.18014511307938189,0.021351755068043713,127.82064059068317,13.311419782331502,0.006199541807608366
1.6833667334669338,2.610658768576542,757.7406783352604,0.18047089575072933,0.02111837159844187,128.0561933537827,13.22541897144924,0.006218649192072661
1.7034068136272544,2.6159193281290634,757.7419503908512,0.18079228633348626,0.02088815075984343,128.28852258766418,13.140273536336156,0.0062370224024071354
1.723446893787575,2.6210492517708204,757.7431925329755,0.18110937370386065,0.02066102835957544,128.5176929385596,13.055965021587935,0.00625467433543054
1.7434869739478958,2.6260480777996014,757.744398152379,0.18142224539617854,0.020436941184495225,128.74376807680432,12.97247519070118,0.00627161763956493
1.7635270541082164,2.6309152912419793,757.745560949201,0.18173098757985082,0.020215827016824568,128.96681068063077,12.889786037643951,0.006287864718813625
1.783567134268537,2.6356503308454458,757.746674922896,0.1820356850398845,0.01999762464746699,129.18688242258997,12.807879797226658,0.0063034277367659645
1.8036072144288577,2.640252595774647,757.7477343626553,0.1823364211606888,0.019782273886985207,129.40404395840844,12.72673895435661,0.006318318620625338
1.8236472945891782,2.644721452022165,757.7487338383075,0.18263327791287606,0.019569715574454263,129.61835491805232,12.64634625226645,0.006332549065245819
1.8436873747494988,2.649056238546155,757.7496681916655,0.182926335842863,0.01935989158432809,129.82987389884872,12.566684699785055,0.006346130537178229
1.8637274549098195,2.6532562731447715,757.750532528294,0.18321567406503403,0.01915274483148982,130.0386584604844,12.487737577724955,0.006359074278716828
1.8837675350701402,2.657320858077423,757.7513222096783,0.18350137025626276,0.018948219274631358,130.24476512172663,12.409488444452215,0.006371391311941479
1.9038076152304608,2.6612492854423264,757.7520328457676,0.18378350065260118,0.018746259918098102,130.44824935872217,12.331921140700327,0.006383092442750547
1.9238476953907815,2.6650408423193586,757.752660287873,0.18406214004795832,0.018546812812325834,130.64916560474094,12.255019793685495,0.006394188264880068
1.9438877755511021,2.6686948156867056,757.753200621898,0.18433736179460272,0.0183498250529878,130.84756725123913,12.178768820576838,0.006404689163905108
1.9639278557114228,2.67221049711942,757.7536501618837,0.18460923780533509,0.018155244778961892,131.0435066501265,12.103152931371364,0.006414605321219631
1.9839679358717435,2.6755871872775576,757.7540054438487,0.18487783855718695,0.017963021169220106,131.23703511713106,12.02815713122013,0.006423946717991489
2.004008016032064,2.6788242001911873,757.7542632199066,0.185143233096513,0.017773104438735192,131.42820293616123,11.953766722248803,0.006432723139089508
2.024048096192385,2.6819208673492065,757.754420452644,0.18540548904535264,0.01758544583349275,131.6170593645737,11.87996730491288,0.006440944176979889
2.0440881763527052,2.6848765415985376,757.7544743097425,0.18566467260894579,0.017399997624690664,131.80365263926146,11.80674477892505,0.006448619235589482
2.064128256513026,2.687690600859954,757.754422158831,0.1859208485842969,0.017216713102201842,131.98802998348287,11.734085343789461,0.006455757534133666
2.0841683366733466,2.69036245166649,757.7542615625517,0.18617408036968713,0.017035546567370805,132.1702376143585,11.661975498975387,0.006462368110906847
2.1042084168336674,2.6928915325300675,757.753990273829,0.18642442997504396,0.016856453325209367,132.3503207509684,11.590402043760307,0.006468459827033818
2.124248496993988,2.6952773171417315,757.7536062313247,0.1866719580330823,0.016679389676052023,132.52832362298642,11.519352076770478,0.006474041370180375
2.1442885771543083,2.697519317410585,757.753107555071,0.18691672381113927,0.016504312906726794,132.7042894797947,11.448812995244873,0.006479121258221801
2.164328657314629,2.699617086346297,757.7524925422655,0.18715878522362922,0.016331181281293433,132.87826060002382,11.37877249404663,0.006483707842868005
2.1843687374749496,2.7015702207898236,757.7517596632217,0.18739819884505252,0.016159954031396608,133.0502783014705,11.309218564444347,0.006487809313244252
2.2044088176352705,2.703378363996735,757.7509075574602,0.18763501992349543,0.015990591346278112,133.22038295134652,11.240139492683854,0.006491433699426545
2.224448897795591,2.7050412080773745,757.7499350299337,0.18786930239456479,0.015823054362488643,133.38861397681788,11.171523858369687,0.006494588875930903
2.244488977955912,2.706558496297845,757.7488410473748,0.18810109889570428,0.015657305153336454,133.55500987579572,11.103360532673884,0.006497282565155859
2.2645290581162323,2.7079300252456555,757.7476247347576,0.1883304607808445,0.015493306718107086,133.71960822794347,11.03563867638848,0.006499522340777627
2.284569138276553,2.7091556468636866,757.7462853718662,0.18855743813534248,0.015331022971085477,133.88244570586875,10.96834773783676,0.006501315631097509
2.3046092184368736,2.7102352703559656,757.7448223899601,0.18878207979116998,0.015170418730409273,134.04355808647,10.90147745065714,0.0065026697223411825
2.3246492985971945,2.711168863968583,757.7432353685305,0.18900443334231426,0.01501145970677943,134.20298026241161,10.835017831472438,0.006503591761909612
2.344689378757515,2.711956456648958,757.7415240321399,0.18922454516035667,0.014854112492052022,134.36074625370267,10.768959177456262,0.00650408876158141
2.3647294589178354,2.7125981395865177,757.7396882473367,0.1894424604101992,0.014698344547732842,134.51688921935764,10.70329206380721,0.006504167600666521
2.3847695390781563,2.713094067637711,757.7377280196426,0.189658223065911,0.014544124193394447,134.67144146911872,10.638007341140746,0.006503835029111202
2.4048096192384767,2.7134444606381964,757.735643490601,0.1898718759266699,0.014391420595033382,134.8244344752221,10.573096132807658,0.006503097670554312
2.4248496993987976,2.7136496046049,757.7334349348858,0.1900834606327759,0.014240203753383347,134.9758988841916,10.508549832147258,0.006501962025334971
2.444889779559118,2.7137098528305525,757.7311027574641,0.1902930176817176,0.01409044449219873,135.12586452864562,10.444360099682736,0.006500434473451715
2.464929859719439,2.7136256268732093,757.7286474908041,0.19050058644427212,0.013942114446521013,135.27436043910424,10.38051886026531,0.006498521277473299
2.4849699398797593,2.713397417443186,757.7260697921295,0.1907062051806237,0.013795186050939361,135.42141485578537,10.317018300173245,0.00649622858540136
2.50501002004008,2.713025785189733,757.7233704407115,0.19090991105648622,0.013649632527855199,135.56705524037972,10.25385086417108,0.006493562433485152
2.5250501002004007,2.7125113613897067,757.7205503351963,0.1911117401592178,0.013505427875759432,135.7113082877963,10.191009252533966,0.006490528748988627
2.5450901803607215,2.711854848540429,757.717610490963,0.19131172751391662,0.013362546857529668,135.85419993787062,10.128486418041314,0.006487133352910157
2.565130260521042,2.71105702085885,757.7145520375102,0.19150990709948887,0.013220964988753817,135.99575538702936,10.066275562943618,0.006483381962655185
2.5851703406813624,2.7101187246890652,757.7113762158659,0.19170631186468132,0.013080658526085337,136.13599909990637,10.00437013590568,0.006479280194662149
2.6052104208416833,2.7090408788201885,757.7080843760189,0.19190097374407192,0.01294160445563453,136.2749548209055,9.942763828929184,0.006474833566982029
2.6252505010020037,2.7078244747165248,757.7046779743678,0.19209392367401365,0.012803780481399405,136.41264558570703,9.881450574257034,0.006470047501811856
2.6452905811623246,2.70647057666193,757.7011585711867,0.1922851916085274,0.012667165013738725,136.5490937327146,9.820424541261527,0.006464927327982564
2.665330661322645,2.704980321820224,757.6975278281022,0.19247480653514074,0.012531737157889293,136.6843209144416,9.759680133318163,0.006459478283401563
2.685370741482966,2.7033549202134446,757.6937875055829,0.19266279649067142,0.012397476702528679,136.81834810883512,9.699211984666391,0.006453705517450404
2.7054108216432864,2.7015956546197266,757.689939460436,0.19284918857695316,0.012264364108384091,136.95119563053737,9.639014957258508,0.0064476140933379476
2.7254509018036073,2.6997038803925317,757.6859856433117,0.19303400897650494,0.012132380496887392,137.08288314208434,9.579084137597413,0.006441208990409379
2.7454909819639277,2.6976810252029404,757.6819280962113,0.19321728296814303,0.012001507638875914,137.2134296650428,9.519414833563893,0.006434495106411508
2.7655310621242486,2.6955285887066744,757.6777689500007,0.19339903494253755,0.011871727943338042,137.34285359108654,9.460002571233677,0.006427477259714714
2.785571142284569,2.6932481421374987,757.673510421923,0.19357928841771482,0.011743024446202361,137.47117269301268,9.400843091684443,0.006420160191491918
2.8056112224448895,2.6908413278286276,757.669154813114,0.19375806605450843,0.011615380799168507,137.59840413570163,9.341932347792635,0.006412548567854981
2.8256513026052104,2.6883098586637413,757.6647045061167,0.1939353896719609,0.011488781258577756,137.7245644870213,9.283266501019867,0.006404646981948885
2.845691382765531,2.6856555174591987,757.6601619623925,0.19411128026267943,0.011363210674320987,137.84966972867917,9.224841918188483,0.006396459956004083
2.8657314629258517,2.6828801562790034,757.6555297198329,0.19428575800814984,0.011238654478781314,137.97373526702484,9.166655168245683,0.006387991943347368
2.885771543086172,2.6799856956840897,757.6508103902653,0.1944588422940113,0.011115098675808698,138.09677594380608,9.108703019015552,0.006379247330371619
2.905811623246493,2.676974123917457,757.6460066569567,0.19463055172529725,0.010992529829723378,138.2188060468821,9.050982433938145,0.006370230438464782
2.9258517034068134,2.673847496026697,757.6411212721121,0.1948009041416456,0.010870935054345056,138.3398393208968,8.99349056879478,0.006360945525898407
2.9458917835671343,2.670607932925405,757.6361570543679,0.19496991663248395,0.010750302002044444,138.4598889779163,8.936224768418464,0.006351396789676079
2.9659318637274548,2.6672576203950276,757.6311168862819,0.19513760555219306,0.010630618852813916,138.57896770803436,8.87918256338849,0.006341588367342059
2.9859719438877756,2.6637988080286017,757.6260037118159,0.19530398653525455,0.010511874303353735,138.69708768994875,8.82236166670802,0.006331524338750447
3.006012024048096,2.6602338081179258,757.6208205338136,0.19546907451138643,0.010394057556170486,138.81426060151384,8.76575997046352,0.006321208727795156
3.0260521042084165,2.656564994485623,757.6155704114731,0.19563288372067206,0.01027715830868419,138.93049763027142,8.709375542464883,0.006310645504100997
3.0460921843687374,2.65279480126362,757.6102564578143,0.1957954277286866,0.010161166742340777,139.04580948396512,8.653206622864998,0.00629983858467614
3.066132264529058,2.6489257216194924,757.6048818371405,0.19595671944162574,0.010046073511726494,139.16020640104142,8.59725162075757,0.006288791835526228
3.0861723446893787,2.6449603064321896,757.5994497624945,0.19611677112144124,0.009931869733681039,139.27369816114089,8.541509110752013,0.006277509073230391
3.106212424849699,2.6409011629186123,757.5939634931103,0.19627559440098755,0.009818546976406245,139.3862940955835,8.485977829524188,0.006265994066479413
3.12625250501002,2.6367509532125295,757.5884263318613,0.19643320029918346,0.009706097248567297,139.49800309785164,8.43065667234184,0.006254250537576291
3.1462925851703405,2.6325123928973113,757.5828416227023,0.19658959923619285,0.009594512988383697,139.60883363407336,8.375544689563652,0.006242282163899401
3.1663326653306614,2.628188249493982,757.5772127481094,0.19674480104862815,0.009483787052707228,139.71879375351008,8.320641083110775,0.006230092579328496
3.186372745490982,2.6237813409060595,757.5715431265169,0.19689881500477985,0.009373912706084533,139.8278910990506,8.265945202909892,0.006217685375633749
3.2064128256513023,2.6192945338226714,757.5658362097502,0.19705164981987477,0.009264883609802056,139.936132917715,8.211456543306838,0.006205064103828033
3.226452905811623,2.6147307420814623,757.560095480459,0.1972033136713664,0.009156693810911394,140.0435260711705,8.157174739449905,0.006192232275482634
3.2464929859719436,2.610092924992744,757.5543244495484,0.19735381421425907,0.00904933773123336,140.15007704626132,8.103099563642107,0.0061791933640065865
3.2665330661322645,2.6053840856264188,757.5485266536081,0.1975031585964679,0.008942810156339314,140.2557919655551,8.04923092166166,0.006165950805889803
3.286573146292585,2.6006072690631536,757.5427056523449,0.19765135347421614,0.008837106224508727,140.36067659790666,7.995568849050157,0.006152508001910177
3.306613226452906,2.595765560611315,757.5368650260144,0.19779840502747087,0.008732221415662178,140.4647363690416,7.942113507367968,0.006138868318304826
3.3266533066132262,2.590862083991147,757.5310083728552,0.1979443189754175,0.00862815154026935,140.56797637215914,7.888865180416528,0.006125035087905636
3.346693386773547,2.585899999487737,757.5251393065263,0.198089100591973,0.008524892728231969,140.67040137855648,7.835824270427294,0.006111011611239274
3.3667334669338675,2.5808825020742288,757.5192614535482,0.19823275472133758,0.008422441417742023,140.7720158482739,7.78299129421735,0.0060968011575918205
3.3867735470941884,2.5758128195068246,757.5133784507494,0.19837528579358354,0.008320794344115909,140.8728239407607,7.73036687931168,0.006082406966038182
3.406813627254509,2.5706942103930834,757.5074939427182,0.19851669784027973,0.00821994852860569,140.97282952556176,7.677951760032399,0.00606783224643644
3.4268537074148293,2.565529962235019,757.5016115792614,0.19865699451014945,0.008119901267188883,141.0720361930237,7.625746773555277,0.006053080180387291
3.44689378757515,2.5603233894485244,757.4957350128717,0.1987961790847589,0.008020650119338812,141.17044726501885,7.573752855934155,0.0060381539221587305
3.4669338677354706,2.5550778313606344,757.4898678962037,0.19893425449423296,0.007922192896777836,141.26806580568618,7.521971038093948,0.006023056599576161
3.4869739478957915,2.549796650186147,757.4840138795597,0.19907122333299404,0.007824527652216282,141.36489463218615,7.470402441793132,0.006007791314878052
3.507014028056112,2.544483228985128,757.4781766083871,0.1992070878755194,0.007727652668080401,141.46093632546743,7.41904827555681,0.00599236114553736
3.527054108216433,2.5391409696028058,757.4723597207885,0.19934185009211197,0.007631566445232935,141.55619324104194,7.367909830581587,0.005976769145048849
3.5470941883767533,2.5337732905933996,757.4665668450447,0.19947551166467808,0.007536267691690635,141.65066751976514,7.316988476613727,0.005961018343682513
3.567134268537074,2.5283836251293708,757.4608015971527,0.19960807400250624,0.00744175531134319,141.74436109861728,7.266285657802199,0.005945111749203277
3.5871743486973946,2.522975418897645,757.4550675783798,0.1997395382580395,0.0073480283926788004,141.83727572148132,7.215802888528451,0.0059290523475571755
3.6072144288577155,2.517552127984314,757.4493683728342,0.19986990534263313,0.007255086197521809,141.92941294991235,7.165541749214916,0.005912843103524224
3.627254509018036,2.5121172167493224,757.4437075450539,0.19999917594228983,0.0071629281497884965,142.02077417389367,7.115503882114483,0.005896486961338188
3.6472945891783564,2.506674155692672,757.4380886376155,0.20012735053336297,0.007071553824267379,142.1113606225732,7.065690987083296,0.0058799868452734825
3.6673346693386772,2.50122641931364,757.432515168763,0.20025442939821805,0.00698096293543099,142.20117337497408,7.016104817339508,0.005863345660199463
3.6873747494989977,2.4957774839645346,757.4269906300588,0.20038041264084228,0.006891155326286382,142.29021337067326,6.96674717521078,0.005846566292102335
3.7074148296593186,2.4903308257004757,757.4215184840571,0.20050530020239127,0.006802130957272107,142.37848142044015,6.917619907873448,0.005829651608574982
3.727454909819639,2.484889918126713,757.4161021620024,0.2006290918766612,0.006713889895209833,142.4659782168285,6.8687249030865996,0.005812604459274992
3.74749498997996,2.4794582302449735,757.4107450615525,0.2007517873254747,0.006626432302319096,142.5527043447132,6.820064084924334,0.005795427676351183
3.7675350701402803,2.474039224300326,757.4054505445283,0.20087338609396754,0.006539758425304127,142.63866029176378,6.771639409509762,0.005778124074838962
3.787575150300601,2.4686363536300417,757.4002219346919,0.2009938876257633,0.006453868584521974,142.7238464588448,6.7234528607544295,0.00576069645302486
3.8076152304609217,2.463253060515937,757.3950625155526,0.2011132912780224,0.0063687631632415795,142.8082631703401,6.675506446107034,0.005743147592780609
3.8276553106212425,2.457892774041658,757.3899755282032,0.2012315963363514,0.006284442597003636,142.89191068437898,6.6278021923154276,0.0057254802598671346
3.847695390781563,2.4525589079563686,757.3849641691892,0.20134880202955846,0.006200907363091484,142.97478920296697,6.580342141206108,0.005707697204208897
3.8677354709418834,2.44725485854629,757.3800315884075,0.20146490754423976,0.00611815797012347,143.0568988820069,6.533128345485485,0.005689801160138976
3.8877755511022043,2.441984002515546,757.3751808870412,0.2015799120391825,0.0060361949477774415,143.13823984119813,6.486162864567362,0.005671794846615397
3.9078156312625247,2.436749694877726,757.3704151155276,0.20169381465956818,0.005955018836658293,143.2188121738061,6.439447760431226,0.005653680967409116
3.9278557114228456,2.431555266859595,757.3657372715627,0.2018066145509615,0.00587463017831955,143.29861595629004,6.392985093515974,0.005635462211264225
3.947895791583166,2.4264040238183666,757.3611502981418,0.20191831087306877,0.005795029505450214,143.37765125777895,6.346776918653895,0.005617141252030863
3.967935871743487,2.4212992431739115,757.3566570816389,0.20202890281324953,0.005716217332238109,143.45591814938487,6.300825281049716,0.005598720748771393
3.9879759519038074,2.416244172357315,757.3522604499248,0.2021383895997661,0.005638194144921075,143.5334167133419,6.255132212309678,0.005580203345840419
4.008016032064128,2.4112420267771206,757.347963170525,0.20224677051475445,0.005560960392537315,143.61014705196075,6.2096997265255895,0.005561591672939251
4.028056112224449,2.406295987804639,757.3437679488187,0.202354044906901,0.0054845164778862575,143.68610929638712,6.164529816418909,0.0055428883451454245
4.04809619238477,2.4014092007796477,757.3396774262807,0.20246021220380886,0.005408862748711164,143.76130361515334,6.11962444954988,0.005524095962917953
4.06813627254509,2.396584773037803,757.3356941787652,0.2025652719240381,0.005333999489114642,143.8357302225123,6.0749855645967825,0.005505217112078952
4.0881763527054105,2.3918257719610825,757.3318207148341,0.20266922368880472,0.005259926911218023,143.9093893865426,6.030615067710349,0.0054862543637723615
4.108216432865731,2.3871352230525344,757.3280594741308,0.20277206723332264,0.005186645147075483,143.9822814370147,5.986514828948369,0.005467210274400492
4.128256513026052,2.3825161080366124,757.3244128257992,0.20287380241777395,0.005114154240853402,144.05440677300712,5.942686678795446,0.005448087385539115
4.148296593186372,2.3779713629863415,757.3208830669498,0.2029744292378932,0.0050424541412852865,144.1257658702631,5.899132404772832,0.005428888223831903
4.168336673346693,2.3735038764785608,757.3174724211734,0.20307394783515106,0.004971544694412191,144.19635928827742,5.855853748143169,0.005409615300864983
4.188376753507014,2.369116487778438,757.3141830371032,0.20317235850652457,0.004901425636618286,144.26618767710383,5.81285240071489,0.005390271113022447
4.208416833667335,2.3648119850544638,757.3110169870266,0.20326966171383998,0.004832096587970665,144.33525178387416,5.770130001750867,0.00537085814132363
4.228456913827655,2.360593103625088,757.3079762655464,0.2033658580926772,0.004763557045872188,144.40355245902,5.727688134985828,0.005351378851243032
4.248496993987976,2.3564625242381476,757.3050627882931,0.20346094846082297,0.004695806379035543,144.471090662189,5.6855283257568345,0.00533183569251374
4.268537074148297,2.3524228713842215,757.3022783906898,0.20355493382626233,0.004628843821786273,144.53786746784775,5.643652038251027,0.005312231098915269
4.288577154308617,2.3484767116449987,757.2996248267676,0.2036478153946988,0.004562668468701838,144.60388407056388,5.602060672874564,0.0052925674880467035
4.3086172344689375,2.3446265520777554,757.2971037680355,0.2037395945765934,0.004497279269593232,144.66914178996134,5.560755563746534,0.005272847261086077
4.328657314629258,2.3408748386369878,757.2947168024025,0.2038302729937141,0.004432675024835051,144.73364207534178,5.519737976321411,0.005253072802536936
4.348697394789579,2.3372239546342306,757.2924654331555,0.20391985248518935,0.004368854381049159,144.79738650996742,5.479009105143299,0.005233246479963014
4.368737474949899,2.3336762192370686,757.2903510779906,0.20400833511305805,0.004305815827146463,144.8603768150005,5.438570071735074,0.005213370643711992
4.38877755511022,2.330233886008312,757.2883750681002,0.20409572316731162,0.0042435576907304965,144.92261485309484,5.398421922625156,0.005193447626629312
4.408817635270541,2.3268991414863014,757.2865386473167,0.2041820191704232,0.00418207813486587,144.98410263163694,5.358565627514445,0.00517347974376301
4.428857715430862,2.323674103807247,757.2848429713105,0.20426722588136154,0.0041213751552137134,145.04484230563344,5.319002077585607,0.005153469292060558
4.448897795591182,2.320560821370516,757.2832891068473,0.204351346299087,0.004061446577535559,145.1048361802434,5.279732083956602,0.005133418550058678
4.468937875751503,2.3175612715477225,757.2818780311009,0.20443438366552869,0.004002290055566234,145.16408671295477,5.240756376280061,0.005113329777567137
4.488977955911824,2.3146773594364656,757.2806106310234,0.20451634146804384,0.003943903069255568,145.22259651540418,5.2020756014897485,0.005093205215347479
4.509018036072144,2.311910916659529,757.2794877027749,0.20459722344135972,0.0038862829233777814,145.28036835484136,5.163690322695052,0.005073047084787688
4.529058116232465,2.309263700210309,757.2785099512093,0.20467703356900172,0.0038294267465066915,145.3374051552393,5.125601018224059,0.00505285758757374
4.5490981963927855,2.3067373913452376,757.2776779894207,0.20475577608421078,0.003773331490354,145.39370999805269,5.087808080815514,0.005032638905359032
4.569138276553106,2.3043335945239023,757.2769923383465,0.20483345547035547,0.0037179939294670443,145.4492861226275,5.050311816959504,0.005012393199432617
4.589178356713426,2.3020538363975653,757.2764534264313,0.20491007646084486,0.003663410661281635,145.50413692626594,5.013112446386448,0.0049921226103872025
4.609218436873747,2.2998995648467297,757.276061589348,0.2049856440385491,0.0036095781065247365,145.55826596395144,4.976210101703593,0.004971829257787841
4.629258517034068,2.2978721480683806,757.27581706978,0.20506016343473682,0.003556492509961001,145.6116769477391,4.939604828177869,0.004951515239842239
4.649298597194389,2.2959728737134926,757.2757200172613,0.2051336401275383,0.0035041499414762913,145.66437374581824,4.903296583663601,0.004931182633073548
4.669338677354709,2.2942029480753647,757.2757704880767,0.2052060798399452,0.0034525462974906735,145.71636038125388,4.8672852386732774,0.004910833491996547
4.68937875751503,2.292563495329309,757.2759684452211,0.20527748853735878,0.0034016773026925287,145.7676410304153,4.831570576589175,0.004890469848798063
4.709418837675351,2.291055556824185,757.2763137584188,0.20534787242469876,0.003351538512084821,145.81822002109988,4.796152294013391,0.004870093713022457
4.729458917835671,2.2896800904262444,757.2768062042011,0.20541723794308675,0.0033021253133337833,145.86810183036204,4.761030001253455,0.00484970707126298
4.749498997995992,2.28843796991571,757.2774454660437,0.20548559176611877,0.003253432929409699,145.91729108205638,4.726203222940405,0.004829311886859782
4.7695390781563125,2.2873299844364796,757.2782311345644,0.20555294079574202,0.00320545642150889,145.96579254410648,4.691671398775938,0.004808910099605339
4.789579158316633,2.2863568379993215,757.2791627077775,0.20561929215775215,0.003158190692245357,146.0136111255097,4.657433884404935,0.004788503625457992
4.809619238476953,2.2855191490388718,757.2802395914086,0.20568465319692816,0.0031116304891000914,146.0607518730901,4.623489952409397,0.004768094356264314
4.829659318637274,2.284817450024739,757.2814610992682,0.20574903147182166,0.0030657704081155624,146.10721996801155,4.589838793419594,0.004747684159490939
4.849699398797595,2.2842521871269628,757.2828264536826,0.2058124347492199,0.003020604897822467,146.15302072206302,4.556479517337989,0.004727274877966506
4.869739478957916,2.2838237199360396,757.284334785983,0.2058748709983001,0.0029761282633854356,146.19815957373015,4.523411154671238,0.004706868329634269
4.889779559118236,2.283532321237717,757.2859851370537,0.20593634838449498,0.002932334670954066,146.24264208406555,4.490632657965439,0.004686466307315961
4.909819639278557,2.2833781768426937,757.2877764579349,0.20599687526308869,0.002889218152205382,146.2864739323716,4.458142903339559,0.0046660705784873965
4.929859719438878,2.283361385471342,757.289707610486,0.20605646017256307,0.0028467726090635917,146.32966091171,4.425940692111842,0.004645682885066317
4.949899799599198,2.283481958693539,757.2917773681021,0.2061151118277146,0.002804991818582811,146.3722089242521,4.394024752513835,0.004625304943212904
4.969939879759519,2.2837398209236417,757.2939844164883,0.20617283911256207,0.002763869437978307,146.41412397648352,4.362393741486561,0.0046049384431433565
4.98997995991984,2.284134809470621,757.2963273544898,0.20622965107306537,0.0027233990097917872,146.45541217427876,4.331046246553274,0.004584585048956917
5.01002004008016,2.2846666746433257,757.2988046949752,0.20628555690967637,0.0026835739671761424,146.49607971785892,4.299980787763126,0.004564246398476644
5.03006012024048,2.285335079910814,757.3014148657761,0.2063405659697416,0.0026443876392851676,146.5361328966475,4.269195819700029,0.004543924103104235
5.050100200400801,2.286139602117665,757.3041562106799,0.2063946877397775,0.0026058332567537967,146.5755780840388,4.238689733550963,0.004523619747689128
5.070140280561122,2.2870797317541216,757.3070269904755,0.20644793183763832,0.002567903957254575,146.61442173209267,4.208460859227963,0.004503334890412116
5.090180360721443,2.2881548732809134,757.310025384051,0.20650030800459646,0.002530592791116168,146.65267036617016,4.17850746753799,0.004483071062683604
5.110220440881763,2.2893643455085484,757.313149489545,0.20655182609735503,0.0024938927269900243,146.6903305795235,4.148827772394951,0.00446282976905668
5.130260521042084,2.2907073820308463,757.3163973255472,0.20660249608001174,0.002457796657551474,146.7274090278547,4.119419933068148,0.004442612487155056
5.150300601202405,2.2921831317124304,757.31976683235,0.2066523280159931,0.0024222974052219197,146.76391242385546,4.090282056461507,0.004422420667615971
5.170340681362725,2.2937906592298805,757.3232558732493,0.20670133205997707,0.002387387727899036,146.799847531742,4.061412199418012,0.004402255734048049
5.190380761523046,2.2955289456662085,757.3268622358949,0.2067495184498224,0.002353060324682312,146.83522116179734,4.032808371043839,0.0043821190830041065
5.210420841683367,2.2973968891582786,757.3305836336873,0.20679689749852156,0.0023193078415816777,146.8700401649333,4.004468535046869,0.0043620120839688754
5.2304609218436875,2.299393305596762,757.3344177072231,0.20684347958619428,0.0022861228771973345,146.90431142728434,3.976390612084253,0.004341936079361536
5.2505010020040075,2.3015169293781987,757.3383620257845,0.20688927515213743,0.0022534979883594253,146.93804186484434,3.948572482114001,0.00432189238455297
5.270541082164328,2.303766414208676,757.3424140888754,0.20693429468694663,0.0022214256957166292,146.97123841815778,3.921011986745579,0.004301882287897576
5.290581162324649,2.3061403339586226,757.3465713278016,0.20697854872472493,0.002189898489263304,147.00390804707553,3.893706931584757,0.004281907050779486
5.31062124248497,2.3086371835681887,757.3508311072926,0.20702204783539116,0.002158908833795267,147.0360577255851,3.8666550885680757,0.004261967907672975
5.33066132264529,2.311255380002623,757.3551907271675,0.20706480261710228,0.0021284491742849104,147.06769443672542,3.839854198282502,0.004242066066216837
5.350701402805611,2.3139932632570583,757.3596474240406,0.2071068236888018,0.002098511941166847,147.09882516759419,3.8133019722660433,0.004222202707302491
5.370741482965932,2.3168490974100577,757.3641983730671,0.20714812168290533,0.0020690895555258763,147.1294569044568,3.7869960952852924,0.0042023789851755285
5.390781563126252,2.31982107172527,757.3688406897281,0.2071887072381349,0.002040174434179611,147.15959662796428,3.7609342275860587,0.00418259602755041
5.410821643286573,2.3229073018004853,757.3735714316537,0.20722859099251117,0.0020117589946486813,147.1892513084878,3.7351140071134847,0.0041628549357379885
5.430861723446894,2.3261058307633697,757.3783876004813,0.2072677835765136,0.0019838356600080315,147.21842790157558,3.709533051698268,0.004143156784785552
5.4509018036072145,2.3294146305131207,757.383286143751,0.207306295606416,0.001956396863613351,147.24713334353936,3.6841889612057854,0.004123502623628992
5.4709418837675345,2.3328316030072607,757.3882639568334,0.20734413767780593,0.0019294350536972933,147.27537454717486,3.659079319645199,0.004103893475256762
5.490981963927855,2.336354581592749,757.3933178848929,0.20738132035929385,0.0019029426978306929,147.3031583976219,3.634201697235794,0.004084330336885232
5.511022044088176,2.3399813323805754,757.3984447248802,0.20741785418641895,0.0018769122872445377,147.3304917483679,3.6095536524280725,0.0040648141801450524
5.531062124248497,2.3437095556629606,757.4036412275567,0.2074537496557559,0.0018513363410090032,147.35738141739895,3.585132733877295,0.004045345951278105
5.551102204408817,2.3475368873722715,757.4089040995489,0.2074890172192275,0.0018262074100664064,147.38383418350145,3.560936482367435,0.004025926571344652
5.571142284569138,2.3514609005807223,757.4142300054284,0.20752366727862723,0.0018015180811154314,147.40985678271713,3.5369624326836937,0.004006556936440241
5.591182364729459,2.355479107039907,757.4196155698212,0.20755771018035396,0.0017772609803445318,147.43545590495341,3.5132081154319548,0.0039872379179219436
5.611222444889779,2.359588958759209,757.4250573795407,0.2075911562103615,0.0017534287770128464,147.4606381907511,3.4896710588037645,0.003967970362643501
5.6312625250501,2.363787849622063,757.4305519857453,0.2076240155893251,0.001730014186877494,147.4854102282104,3.466348790285618,0.00394875509319892
5.651302605210421,2.3680731170390557,757.4360959061185,0.20765629846802494,0.0017070099754665385,147.50977855007574,3.44323883831156,0.0039295929081741045
5.671342685370742,2.372442043636827,757.4416856270706,0.2076880149229477,0.0016844089611973534,147.53374963097988,3.420338733858265,0.003910484582406064
5.691382765531062,2.3768918589816823,757.4473176059595,0.20771917495210593,0.001662204018340537,147.55732988484755,3.397646011981977,0.0038914308672492602
5.7114228456913825,2.3814197413368454,757.452988273331,0.20774978847107425,0.0016403880798299166,147.58052566245698,3.3751582132968547,0.003872432490848653
5.731462925851703,2.386022819452218,757.458694035176,0.2077798653092412,0.0016189541399195659,147.60334324915934,3.3528728853944525,0.003853490158419018
5.751503006012024,2.3906981743855313,757.4644312752021,0.207809415206275,0.0015978952566890867,147.6257888627544,3.330787584204211,0.003834604552530083
5.771543086172344,2.395442841353713,757.4701963571218,0.20783844780880092,0.001577204554398754,147.64786865152033,3.308899875295014,0.0038157763333970685
5.791583166332665,2.400253811613327,757.4759856269515,0.20786697266728799,0.0015568752256964196,147.6695886923965,3.2872073351179867,0.0037970061391761956
5.811623246492986,2.4051280343688575,757.4817954153224,0.20789499923314092,0.0015369005336783614,147.69095498931597,3.2657075521908925,0.0037782945862647587
5.831663326653306,2.410062418707658,757.4876220398021,0.2079225368559952,0.0015172738138065117,147.71197347168604,3.244398128224562,0.0037596422696053325
5.851703406813627,2.415053835560329,757.4934618072238,0.2079495947812107,0.0014979884756847496,147.7326499930131,3.2232766791919527,0.0037410497629937153
5.871743486973948,2.420099119685272,757.4993110160226,0.20797618214755975,0.001479038004697165,147.75299032966967,3.202340836340552,0.0037225176193902256
5.891783567134269,2.4251950716761757,757.5051659585777,0.20800230798510577,0.0014604159635113758,147.7730001797995,3.1815882471488957,0.0037040463712339398
5.911823647294589,2.430338459991159,757.5110229235585,0.20802798121326752,0.001442115993450182,147.79268516235769,3.1610165762281444,0.0036856365307595157
5.9318637274549095,2.4355260230022795,757.516878198273,0.20805321063906404,0.001424131815734971,147.8120508162822,3.1406235061696672,0.003667288590316216
5.95190380761523,2.4407544710641056,757.522728071018,0.20807800495553574,0.001406457232604454,147.83110259979276,3.1204067383397462,0.0036490030226887906
5.971943887775551,2.446020488600058,757.5285688334275,0.208102372740336,0.0013890861283123981,147.8498458898136,3.1003639936225116,0.0036307802814198554
5.991983967935871,2.451320736205175,757.5343967828213,0.20812632245448806,0.001372012470008142,147.86828598151538,3.0804930131123376,0.003612620801133441
6.012024048096192,2.4566518527639882,757.5402082245483,0.20814986244130224,0.0013552303085037462,147.88642808797317,3.060791558756957,0.003594524997859376
6.032064128256513,2.462010457582154,757.5459994743263,0.20817300092544685,0.00133873377893172,147.90427733993477,3.0412574139526187,0.0035764932693582094
6.052104208416833,2.467393152530491,757.5517668605747,0.20819574601216873,0.00132251710129728,147.92183878569705,3.0218883840926396,0.0035585259954463507
6.072144288577154,2.4727965242000716,757.55750672674,0.20821810568665622,0.0013065745809291587,147.93911739108427,3.0026822970707494,0.0035406235383211447
6.092184368737475,2.478217146066991,757.5632154336115,0.2082400878135402,0.001290900608832995,147.95611803952508,2.983637003740664,0.003522786242885609
6.112224448897796,2.4836515806654527,757.5688893616268,0.2082617001365266,0.001275489661951328,147.97284553222346,2.964750378333321,0.0035050144370725586
6.132264529058116,2.489096381767777,757.574524913165,0.20828295027815505,0.0012603363033342396,147.98930458841957,2.94602031883326,0.0034873084321678685
6.152304609218437,2.4945480965699685,757.5801185148262,0.2083038457396783,0.0012454351822246412,148.00549984573553,2.9274447473156133,0.0034696685231326257
6.1723446893787575,2.5000032678814414,757.5856666196956,0.20832439390105625,0.0012307810340622047,148.02143586060285,2.90902161024521,0.0034520949889239516
6.192384769539078,2.505458436317532,757.5911657095925,0.20834460202105934,0.0012163686804098647,148.03711710876615,2.8907488787392692,0.0034345880928142595
6.212424849699398,2.5109101424933784,757.5966122972992,0.20836447723747595,0.001202193028806805,148.05254798585972,2.872624548795176,0.0034171480827087553
6.232464929859719,2.5163549292178136,757.6020029287725,0.20838402656741786,0.0011882490725517597,148.0677328080524,2.8546466414848126,0.0033997751914609693
6.25250501002004,2.5217893436858554,757.6073341853338,0.20840325690771933,0.0011745318904204205,148.08267581275672,2.8368132031169333,0.0033824696371861566
6.27254509018036,2.527209939668406,757.6126026858365,0.2084221750354235,0.0011610366463206457,148.09738115939822,2.8191223053690133,0.0033652316235723645
6.292585170340681,2.5326132796977854,757.6178050888109,0.20844078760835208,0.0011477585888891113,148.11185293024124,2.8015720453900275,0.0033480613401890252
6.312625250501002,2.537995937247698,757.6229380945841,0.2084591011657523,0.0011346930510329578,148.12609513126694,2.7841605458755723,0.003330958962792919
6.332665330661323,2.54335449890626,757.6279984473728,0.20847712212901712,0.0011218354494198866,148.1401116930996,2.7668859551167246,0.003313924653631352
6.352705410821643,2.548685566540706,757.6329829373492,0.20849485680247323,0.0011091812839200924,148.15390647197844,2.749746447024005,0.0032969585617424364
6.372745490981964,2.5539857594524027,757.6378884026789,0.20851231137423298,0.0010967261370033042,148.16748325076995,2.732740221127783,0.003280060823252332
6.3927855711422845,2.5592517165207997,757.6427117315272,0.2085294919171048,0.001084465673094124,148.18084574001853,2.715865502556454,0.003263231561669359
6.4128256513026045,2.5644800983349696,757.6474498640346,0.2085464043895588,0.0010723956378887395,148.19399757903093,2.6991205419936404,0.003246470888174853
6.432865731462925,2.5696675893113694,757.6520997942596,0.2085630546367424,0.0010605118576359981,148.20694233699206,2.6825036156156776,0.0032297789019106902
6.452905811623246,2.574810899796494,757.6566585720883,0.2085794483915427,0.0010488102383857275,148.21968351410837,2.6660130250106073,0.003213155690263388
6.472945891783567,2.579906768153082,757.6611233051075,0.20859559127569108,0.0010372867652070658,148.23222454277592,2.64964709707983,0.0031966013291447044
6.492985971943887,2.5849519628285478,757.6654911604423,0.20861148880090677,0.001025937501379485,148.24456878877024,2.6334041839235813,0.0031801158832686673
6.513026052104208,2.589943284404343,757.669759366557,0.20862714637007543,0.0010147585875590688,148.25671955245474,2.617282662711319,0.003163699406424971
6.533066132264529,2.5948775676249243,757.6739252150147,0.20864256927845937,0.001003746240922511,148.26868007000564,2.6012809355381012,0.0031473519417486956
6.55310621242485,2.5997516834050654,757.6779860622011,0.20865776271493597,0.000992896754291189,148.28045351464962,2.585397429267971,0.003131073521986292
6.57314629258517,2.6045625408142254,757.6819393310028,0.20867273176326157,0.0009822064952375719,148.29204299791286,2.5696305953653487,0.0031148641697577935
6.593186372745491,2.6093070890367183,757.6857825124486,0.2086874814033571,0.0009716719051761139,148.30345157087794,2.5539789097153753,0.0030987238978152252
6.613226452905812,2.6139823193064404,757.6895131673027,0.20870201651261325,0.0009612894984406871,148.3146822254472,2.5384408724341356,0.0030826527092971895
6.633266533066132,2.618585266814933,757.6931289276187,0.20871634186721175,0.0009510558613505067,148.32573789560968,2.523015007669623,0.00306665059797959
6.6533066132264524,2.623113012591566,757.6966274982443,0.20873046214346086,0.0009409676512663986,148.3366214587095,2.507699863394289,0.003050717548522492
6.673346693386773,2.6275626853546505,757.7000066582838,0.20874438191914207,0.0009310215956391796,148.34733573671448,2.492494011189993,0.003034853536713108
6.693386773547094,2.6319314633323088,757.7032642625107,0.2087581056748656,0.0009212144910518015,148.35788349748177,2.4773960460260964,0.003019058529704899
6.713426853707414,2.6362165760519476,757.706398242734,0.2087716377954332,0.0009115432022568413,148.36826745601974,2.4624045860314503,0.0030033324862527894
6.733466933867735,2.64041530609719,757.7094066091155,0.20878498257120526,0.0009020046612108167,148.37849027574404,2.4475182722609556,0.002987675356944504
6.753507014028056,2.644524990831177,757.7122874514369,0.20879814419947065,0.0008925958661067277,148.388554569726,2.432735768457368,0.0029720870844280388
6.773547094188377,2.6485430240851953,757.7150389403178,0.2088111267858177,0.0008833138804062217,148.39846290193208,2.418055760808991,0.0029565676036352557
6.793587174348697,2.6524668578113197,757.7176593283813,0.2088239343455043,0.0008741558318723011,148.40821778845284,2.403476957703755,0.002941116842001665
6.813627254509018,2.6562940036980818,757.7201469513682,0.2088365708048258,0.0008651189116038689,148.41782169872036,2.388998089480273,0.002925734719682382
6.833667334669339,2.660022034748847,757.7225002291985,0.20884904000247798,0.0008562003730738596,148.42727705671197,2.3746179081766603,0.0029104211497642304
6.853707414829659,2.663648586820777,757.7247176669792,0.20886134569091563,0.0008473975311707685,148.43658624213992,2.3603351872771774,0.0028951760384741203
6.8737474949899795,2.667171360124083,757.7267978559591,0.20887349153770404,0.0008387077612452545,148.44575159162594,2.3461487214574435,0.002879999285383663
6.8937875751503,2.670588120680467,757.728739474428,0.20888548112686278,0.0008301284981624997,148.4547753998589,2.332057326328587,0.0028648907836100763
6.913827655310621,2.6738967017398285,757.7305412885605,0.20889731796020028,0.0008216572353611054,148.46365992073544,2.3180598381807407,0.0028498504200133953
6.933867735470941,2.6770950051543396,757.7322021532053,0.2089090054586386,0.00081329152391925,148.4724073684818,2.3041551137262704,0.0028348780753900417
6.953907815631262,2.680181002709014,757.7337210126168,0.20892054696352716,0.0008050289716287683,148.48101991875728,2.290342029843082,0.0028199736246627763
6.973947895791583,2.683152737407921,757.7350969011312,0.20893194573794469,0.000796867242077755,148.48949970973706,2.2766194833183464,0.002805136937067085
6.993987975951904,2.686008324715245,757.7363289437845,0.2089432049679886,0.0007888040537422264,148.49784884317518,2.2629863905929386,0.0027903678763340303
7.014028056112224,2.6887459537503826,757.7374163568733,0.20895432776405118,0.0007808371790873345,148.50606938544573,2.2494416875068772,0.0027756663008696083
7.034068136272545,2.6913638884363413,757.7383584484572,0.20896531716208178,0.0007729644436785656,148.514163368563,2.2359843290460124,0.002761032063930664
7.054108216432866,2.6938604686006884,757.7391546188038,0.20897617612483485,0.0007651837253033103,148.52213279117888,2.222613289090221,0.002746465013797403
7.074148296593186,2.696234111028374,757.7398043607743,0.2089869075431027,0.00075749295310314,148.5299796195579,2.2093275601632936,0.002731964993942544
7.0941883767535066,2.6984833104657473,757.7403072601502,0.20899751423693338,0.000749890106717079,148.53770578852937,2.1961261531847276,0.0027175318431971606
7.114228456913827,2.70060664057513,757.7406629959012,0.20900799895683259,0.000742373215436124,148.54531320241574,2.1830080972236057,0.002703165395913259
7.134268537074148,2.7026027548393463,757.7408713403944,0.20901836438494967,0.0007349403573692156,148.5528037359379,2.1699724392546953,0.0026888654821231378
7.154308617234468,2.7044703874156353,757.740932159543,0.20902861313624765,0.0007275896586208255,148.56017923509637,2.1570182439169314,0.0026746319276955773
7.174348697394789,2.7062083539383996,757.7408454128957,0.20903874775965653,0.0007203192924802912,148.56744151802815,2.144144593274385,0.0026604645544889066
7.19438877755511,2.7078155522702865,757.7406111536678,0.2090487707392104,0.0007131274786229932,148.57459237583993,2.131350586579843,0.002646363180501001
7.214428857715431,2.7092909632011253,757.7402295287105,0.2090586844951677,0.0007060124823234305,148.58163357341687,2.1186353400410702,0.0026323276200162504
7.234468937875751,2.7106336510942683,757.7397007784225,0.20906849138511494,0.0006989726136802256,148.58856685020666,2.1059979865898404,0.002618357683749553
7.254509018036072,2.71184276447994,757.7390252366013,0.20907819370505357,0.0006920062268530538,148.59539392097983,2.0934376756538,0.0026044531789873775
7.274549098196393,2.7129175365952096,757.7382033302342,0.2090877936904707,0.0006851117193114715,148.60211647656527,2.080953572931202,0.002590613909725951
7.294589178356713,2.7138572858702403,757.7372355792323,0.2090972935173926,0.0006782875310955789,148.6087361845617,2.0685448601685597,0.0025768396768066112
7.314629258517034,2.714661416360525,757.7361225961024,0.20910669530342227,0.0006715321440884386,148.615254690025,2.056210734941227,0.00256313027804837
7.3346693386773545,2.715329418124803,757.7348650855614,0.2091160011087605,0.0006648440813001443,148.62167361613115,2.043950410436936,0.0025494855083777494
7.354709418837675,2.7158608675484577,757.7334638440929,0.20912521293721079,0.0006582219061634063,148.62799456481568,2.031763115242278,0.0025359051599559176
7.374749498997995,2.716255427612155,757.731919759443,0.20913433273716828,0.0006516642218405079,148.63421911738922,2.019648093132128,0.0025223890223031874
7.394789579158316,2.7165128481055714,757.73023381006,0.20914336240259326,0.000645169670541458,148.64034883512934,2.0076046028619863,0.002508936882420909
7.414829659318637,2.716632965786075,757.7284070644748,0.20915230377396882,0.0006387369328531603,148.64638525984944,1.9956319179632223,0.0024955485249108186
7.434869739478958,2.716615704482244,757.7264406806254,0.20916115863924362,0.0006323647270793842,148.6523299144443,1.9837293265411675,0.00248222373209187
7.454909819639278,2.7164610751421847,757.7243359051223,0.2091699287347597,0.0006260518085913238,148.65818430341324,1.971896131076028,0.0024689622841146054
7.474949899799599,2.716169175826587,757.7220940724601,0.2091786157461657,0.0006197969691885043,148.66394991336045,1.9601316482265516,0.0024557639590730997
7.49498997995992,2.715740191646544,757.71971660417,0.20918722130931583,0.0006135990364697919,148.6696282134736,1.948435208636405,0.002442628533114532
7.51503006012024,2.71517439464617,757.7172050079197,0.20919574701115523,0.000607456873214239,148.67522065598038,1.9368061567431811,0.002429555780546411
7.535070140280561,2.7144721436300827,757.714560876556,0.20920419439059135,0.0006013693767714976,148.68072867658393,1.9252438505899696,0.0024165454739415036
7.5551102204408815,2.7136338839358687,757.7117858870946,0.20921256493935275,0.0005953354784615138,148.68615369487722,1.9137476616394178,0.0024035973842405096
7.575150300601202,2.712660147151677,757.7088817996556,0.20922086010283483,0.0005893541429832104,148.69149711473645,1.9023169745901904,0.0023907112808525107
7.595190380761522,2.711551550779108,757.7058504563462,0.2092290812809334,0.0005834243678318575,148.69676032469502,1.8909511871957458,0.0023778869317532406
7.615230460921843,2.7103087978416314,757.7026937800907,0.20923722982886625,0.0005775451827248204,148.70194469829707,1.8796497100853278,0.0023651241035812062
7.635270541082164,2.7089326764387556,757.6994137734096,0.20924530705798355,0.000571715649035372,148.70705159443227,1.8684119665870906,0.0023524225617317044
7.655310621242485,2.7074240592462595,757.6960125171472,0.20925331423656696,0.0005659348592342426,148.71208235765127,1.8572373925532386,0.00233978207044876
7.675350701402805,2.7057839029627777,757.6924921691501,0.20926125259061804,0.000560201936338586,148.7170383184634,1.846125436187088,0.002327202392915023
7.695390781563126,2.704013247703111,757.6888549628957,0.20926912330463693,0.0005545160333680275,148.7219207936159,1.8350755578719378,0.0023146832913396582
7.715430861723447,2.702113216338635,757.6851032060731,0.20927692752239113,0.0005488763328074637,148.72673108635632,1.8240872300016426,0.002302224527044261
7.735470941883767,2.7000850137852237,757.6812392791163,0.20928466634767495,0.0005432820460762722,148.73147048667767,1.813159936812773,0.002289825860546822
7.755511022044088,2.6979299262391505,757.6772656336915,0.20929234084506035,0.0005377324130035978,148.73614027154747,1.8022931742182446,0.002277487051643778
7.775551102204409,2.695649320361444,757.6731847911383,0.20929995204063948,0.0005322267013093748,148.74074170512083,1.7914864496423086,0.00226520785949018
7.7955911823647295,2.693244642411209,757.6689993408667,0.2093075009227591,0.0005267642060907452,148.74527603893836,1.7807392818567755,0.002252988042677995
7.8156312625250495,2.6907174173284845,757.6647119387111,0.20931498844274804,0.0005213442493135333,148.74974451210912,1.7700512008183593,0.002240827359312578
7.83567134268537,2.688069247767184,757.6603253052416,0.2093224155156373,0.0005159661793084434,148.75414835147956,1.7594217475070175,0.0022287255670873337
7.855711422845691,2.6853018130787776,757.6558422240341,0.20932978302087377,0.0005106293702716406,148.7584887717886,1.7488504737651722,0.0022166824233566034
7.875751503006012,2.682416868247316,757.6512655399002,0.2093370918030281,0.000505333221769386,148.7627669758098,1.7383369421376849,0.00220469768520678
7.895791583166332,2.679416242776507,757.6465981570783,0.20934434267249666,0.0005000771582463952,148.76698415448053,1.7278807257124698,0.002192771109525698
7.915831663326653,2.6763018395295193,757.6418430373861,0.20935153640619839,0.0004948606285375955,148.77114148701955,1.7174814079616196,0.0021809024530702976
7.935871743486974,2.673075633522277,757.637003198338,0.209358673748267,0.0004896831053829649,148.77524014103275,1.7071385825829322,0.002169091472532607
7.955911823647294,2.6697396706709964,757.6320817112254,0.2093657554107389,0.00048454408494513594,148.77928127260816,1.696851853341712,0.002157337924604037
7.975951903807615,2.6662960664947533,757.6270816991631,0.2093727820742368,0.0004794430863294569,148.7832660264004,1.6866208339127333,0.0021456415660380257
7.995991983967936,2.6627470047739217,757.6220063351038,0.20937975438865014,0.0004743796511062138,148.78719553570534,1.6764451477222508,0.002134002153711044
8.016032064128256,2.6590947361653146,757.6168588398195,0.20938667297381236,0.00046935334283471634,148.79107092252536,1.6663244277899405,0.0021224194446819813
8.036072144288577,2.6553415767749216,757.6116424798536,0.20939353842017516,0.00046436374658896635,148.794893297626,1.65625831657066,0.0021108931962499186
8.056112224448897,2.6514899066891404,757.6063605654427,0.2094003512894806,0.0004594104684846346,148.79866376058425,1.6462464657959288,0.0020994231660103196
8.076152304609218,2.6475421684654297,757.6010164484125,0.2094071121154309,0.00045449313520707946,148.80238339982904,1.6362885363150073,0.0020880091119096413
8.09619238476954,2.643500865583351,757.5956135200446,0.20941382140435666,0.00044961139354015515,148.80605329267468,1.6263841979354852,0.0020766507922983807
8.11623246492986,2.639368560856976,757.5901552089208,0.20942047963588364,0.0004447649098955666,148.80967450534746,1.6165331292632756,0.0020653479659825742
8.13627254509018,2.6351478748096633,757.584644978743,0.20942708726359843,0.0004399533698425409,148.8132480930063,1.6067350175419197,0.0020541003922737596
8.1563126252505,2.630841484012239,757.5790863261293,0.20943364471571305,0.00043517647763759626,148.81677509975748,1.596989558491108,0.002042907831037404
8.176352705410821,2.6264521193856414,757.5734827783917,0.20944015239572938,0.0004304339557542092,148.82025655866414,1.5872964561443446,0.002031770042739829
8.196392785571142,2.6219825644690866,757.5678378912925,0.2094466106831029,0.00042572554441218206,148.82369349175144,1.5776554226856527,0.002020686788493618
8.216432865731463,2.617435653654879,757.5621552467835,0.20945301993390653,0.0004210510011065433,148.82708691000695,1.5680661782852632,0.002009657830101531
8.236472945891784,2.6128142703909623,757.5564384507286,0.20945938048149434,0.0004164101001358171,148.8304378133777,1.5585284509342023,0.001998682930098934
8.256513026052104,2.6081213453523717,757.5506911306112,0.20946569263716588,0.0004118026321295196,148.83374719076352,1.5490419762777237,0.0019877618517947426
8.276553106212425,2.6033598545827243,757.5449169332281,0.20947195669083044,0.0004072284035747553,148.83701602000758,1.5396064974475143,0.0019768943593109025
8.296593186372744,2.5985328176069524,757.539119522371,0.20947817291167228,0.00040268723634180376,148.84024526788448,1.5302217648926288,0.0019660802176203964
8.316633266533065,2.593643295516451,757.5333025764979,0.20948434154881643,0.0003981789672086038,148.8434358900862,1.5208875362090997,0.0019553191925837984
8.336673346693386,2.588694389027874,757.5274697863945,0.20949046283199488,0.0003937034473840681,148.8465888312061,1.5116035759681934,0.001944611050984381
8.356713426853707,2.5836892365167996,757.521624852829,0.2094965369722142,0.00038926054203016483,148.84970502472177,1.502369655543264,0.0019339555605617715
8.376753507014028,2.578631012027509,757.5157714841994,0.20950256416242338,0.0003848501297827398,148.85278539297676,1.4931855529351916,0.0019233524900441716
8.396793587174349,2.573522923260156,757.5099133941777,0.20950854457818288,0.00038047210227106073,148.8558308471615,1.484051052596382,0.001912801609179148
8.41683366733467,2.568368209536578,757.5040542993496,0.2095144783783343,0.0003761263636360906,148.8588422872942,1.4749659452533175,0.0019023026887629924
8.436873747494989,2.5631701397460747,757.4981979168533,0.209520365705671,0.0003718128300475181,148.86182060220108,1.4659300277276601,0.0018918555006686637
8.45691382765531,2.5579320102724132,757.492347962018,0.20952620668760896,0.000367531429219589,148.86476666949727,1.4569431027559046,0.0018814598178723105
8.47695390781563,2.552657142903421,757.4865081460035,0.20953200143685885,0.0003632820999258154,148.86768135556784,1.4480049788076106,0.0018711154144783917
8.496993987975952,2.5473488827244464,757.4806821734434,0.20953775005209785,0.00035906479151264577,148.87056551554963,1.4391154699022204,0.001860822065743385
8.517034068136272,2.54201059599706,757.4748737400914,0.20954345261864227,0.0003548794634122144,148.87341999331383,1.4302743954245065,0.0018505795480981016
8.537074148296593,2.5366456680243243,757.4690865304754,0.2095491092091199,0.0003507260846543037,148.87624562144978,1.4214815799386844,0.001840387639168607
8.557114228456914,2.531257501003982,757.4633242155567,0.20955471988414226,0.0003466046333776769,148.8790432212497,1.4127368530012405,0.0018302461177957562
8.577154308617233,2.5258495118709354,757.4575904504004,0.20956028469297652,0.00034251509634096184,148.88181360269525,1.4040400489725393,0.0018201547640533514
8.597194388777554,2.520425130130381,757.451888871854,0.20956580367421657,0.00033845746843328464,148.88455756444506,1.3953910068272677,0.0018101133592649194
8.617234468937875,2.514987795682969,757.4462230962394,0.20957127685645313,0.00033443175218488236,148.8872758938242,1.3867895699638093,0.0018001216860191358
8.637274549098196,2.5095409566433715,757.4405967170575,0.2095767042589426,0.0003304379572779351,148.88996936681534,1.3782355860126208,0.0017901795281838797
8.657314629258517,2.5040880671536483,757.4350133027081,0.2095820858922739,0.00032647610005788713,148.89263874805138,1.3697289066437148,0.001780286670918944
8.677354709418838,2.4986325851927766,757.4294763942246,0.20958742175903347,0.00032254620304554706,148.89528479081014,1.361269387373354,0.001770442900687403
8.697394789579159,2.4931779703837593,757.4239895030289,0.20959271185446746,0.00031864829445027367,148.89790823701054,1.3528568873700664,0.0017606480052656504
8.71743486973948,2.4877276817996865,757.4185561087025,0.2095979561671411,0.00031478240768457923,148.900509817211,1.3444912692601159,0.0017509017737521101
8.737474949899799,2.482285175770147,757.4131796567807,0.20960315467959445,0.00031094858088049883,148.9030902506093,1.336172398932546,0.0017412039965746433
8.75751503006012,2.4768539036893764,757.4078635565664,0.20960830736899422,0.000307146856408093,148.90565024504397,1.3279001453439496,0.001731554465496645
8.77755511022044,2.471437309827539,757.4026111789688,0.20961341420778098,0.00030337728039647407,148.9081904969978,1.3196743803231148,0.0017219529736218647
8.797595190380761,2.466038829146527,757.3974258543664,0.2096184751643115,0.00029963990225775547,148.91071169160267,1.3114949783756946,0.0017123993153979429
8.817635270541082,2.460661885121657,757.3923108704952,0.2096234902034952,0.000295934774214348,148.91321450264573,1.3033618164890768,0.0017028932866186915
8.837675350701403,2.455309887570659,757.3872694703659,0.2096284592874246,0.00029226195083003703,148.9156995925771,1.2952747739376271,0.0016934346844251253
8.857715430861724,2.4499862304913207,757.3823048502077,0.20963338237599893,0.00028862148854529246,148.9181676125189,1.2872337320884786,0.0016840233073052654
8.877755511022043,2.444694289909166,757.3774201574439,0.20963825942754008,0.0002850134452172725,148.92061920227476,1.2792385742080676,0.0016746589550927277
8.897795591182364,2.4394374217365327,757.3726184886975,0.20964309039940082,0.0002814378796649966,148.9230549903411,1.2712891852695984,0.001665341428964113
8.917835671342685,2.4342189596443977,757.3679028878297,0.20964787524856407,0.00027789485122017583,148.92547559391818,1.26338545176165,0.0016560705314352284
8.937875751503006,2.429042212948318,757.363276344013,0.20965261393223283,0.00027438441928418915,148.92788161892247,1.2555272614981214,0.0016468460663561428
8.957915831663327,2.423910464509807,757.3587417898373,0.20965730640841015,0.000270906642891711,148.93027365999882,1.2477145034297286,0.0016376678389051096
8.977955911823647,2.418826968654492,757.3543020994545,0.2096619526364684,0.0002674615802814957,148.9326523005327,1.2399470674572728,0.001628535655581377
8.997995991983968,2.4137949491083663,757.3499600867582,0.20966655257770714,0.0002640492884748297,148.9350181126629,1.232224844246896,0.0016194493241969059
9.018036072144287,2.408817596953443,757.3457185036037,0.20967110619589888,0.0002606698228621653,148.93737165729314,1.2245477250475465,0.0016104086538670241
9.038076152304608,2.403898068604121,757.3415800380662,0.2096756134578224,0.0002573232367984458,148.93971348410344,1.2169156015108775,0.0016014134550000334
9.05811623246493,2.3990394838055193,757.337547312741,0.20968007433378227,0.0002540095812076427,148.94204413156078,1.2093283655138125,0.0015924635392858147
9.07815631262525,2.3942449236550805,757.333622883084,0.2096844887981147,0.0002507289041970025,148.9443641269286,1.2017859089839957,0.0015835587196834356
9.098196392785571,2.3895174286486744,757.3298092357959,0.20968885682967864,0.00024748125068151425,148.9466739862748,1.1942881237283582,0.0015746988104078064
9.118236472945892,2.3848599967524495,757.3261087872506,0.20969317841233145,0.0002442666620190908,148.94897421447834,1.1868349012650325,0.0015658836269154114
9.138276553106213,2.3802755815016625,757.3225238819666,0.20969745353538857,0.00024108517565695083,148.95126530523436,1.1794261326588331,0.0015571129858891392
9.158316633266534,2.375767090127669,757.319056791127,0.209701682194067,0.00023793682478967775,148.9535477410567,1.1720617083605314,0.0015483867052222546
9.178356713426853,2.371337381714296,757.3157097111429,0.20970586438991118,0.00023482163802941646,148.95582199327882,1.1647415180501461,0.0015397046040015398
9.198396793587174,2.366989265384736,757.3124847622668,0.20971000013120147,0.00023173963908865438,148.95808852205175,1.1574654504844593,0.001531066502489636
9.218436873747494,2.362725498520125,757.3093839872537,0.20971408943334444,0.00022869084647602006,148.9603477763399,1.1502333933489812,0.0015224722221066347
9.238476953907815,2.3585487850109352,757.3064093500712,0.20971813231924405,0.00022567527320550414,148.96260019391346,1.1430452331145613,0.0015139215854109351
9.258517034068136,2.354461773542291,757.3035627346597,0.20972212881965416,0.00022269292651949635,148.96484620133845,1.1359008548988465,0.0015054144160794218
9.278557114228457,2.350467055914286,757.3008459437438,0.2097260789735108,0.00021974380762600332,148.96708621396294,1.1288001423327856,0.0014969505388869927
9.298597194388778,2.3465671653983886,757.2982606976949,0.20972998282824476,0.00021682791145038948,148.9693206359006,1.1217429774323582,0.0014885297796854763
9.318637274549097,2.3427645751309423,757.2958086334465,0.20973384044007345,0.00021394522640195645,148.97154986001016,1.1147292404757103,0.001480151965381983
9.338677354709418,2.3390616965448228,757.2934913034625,0.20973765187427226,0.0002110957341556473,148.9737742678719,1.1077588098858557,0.0014718169239167208
9.358717434869739,2.3354608778402084,757.2913101747575,0.2097414172054245,0.0002082794094491374,148.97599422975998,1.100831562119111,0.001463524484240332
9.37875751503006,2.3319644024954633,757.2892666279747,0.20974513651765014,0.00020549621989553353,148.97821010461155,1.0939473715593984,0.0014552744762907736
9.39879759519038,2.328574487819052,757.2873619565144,0.20974880990481312,0.00020274612581188108,148.98042223999173,1.0871061104185584,0.0014470667309697993
9.418837675350701,2.3252932835434246,757.2855973657213,0.2097524374707066,0.00020002908006363834,148.98263097205495,1.0803076486427887,0.0014389010801190752
9.438877755511022,2.322122870461749,757.2839739721258,0.20975601932921667,0.00019734502792524648,148.98483662550262,1.0735518538253237,0.001430777356495976
9.458917835671341,2.3190652591083687,757.2824928027418,0.2097595556044641,0.00019469390695688694,148.98703951353698,1.0668385911254445,0.001422695393749106
9.478957915831662,2.31612238848381,757.2811547944219,0.209763046430924,0.00019207564689748116,148.9892399378114,1.060167723193905,0.0014146550263935795
9.498997995991983,2.313296124825153,757.2799607932687,0.2097664919535237,0.0001894901695739555,148.99143818837666,1.0535391101048444,0.0014066560897861174
9.519038076152304,2.3105882604225525,757.2789115541043,0.2097698923277188,0.00018693738882674928,148.99363454362455,1.0469526092942278,0.0013986984200999896
9.539078156312625,2.3080005124826424,757.2780077399972,0.20977324771954745,0.00018441721045151508,148.99582927022743,1.040408075504868,0.001390781854299851
9.559118236472946,2.3055345220395616,757.2772499218476,0.20977655830566316,0.00018192953215691708,148.99802262307492,1.033905360738038,0.0013829062301165165
9.579158316633267,2.3031918529142845,757.2766385780305,0.20977982427334635,0.0001794742435383985,149.00021484520772,1.0274443142116925,0.0013750713860217116
9.599198396793588,2.3009739907229156,757.2761740940983,0.20978304582049478,0.00017705122606775223,149.0024061677486,1.0210247823252787,0.001367277161202844
9.619238476953907,2.2988823419345756,757.2758567625407,0.2097862231555934,0.0001746603530982909,149.0045968098307,1.0146466086311274,0.0013595233955378354
9.639278557114228,2.296918232979485,757.2756867826042,0.2097893564976637,0.00017230148988537633,149.00678697852408,1.0083096338123694,0.0013518099295700547
9.659318637274549,2.295082909407799,757.2756642601714,0.20979244607619346,0.00016997449362203678,149.00897686875993,1.0020136956673382,0.0013441366044833938
9.67935871743487,2.293377535099738,757.2757892076976,0.20979549213104662,0.00016767921348935942,149.0111666632535,0.9957586291003773,0.0013365032620775213
9.69939879759519,2.291803191527501,757.2760615442073,0.20979849491235467,0.0001654154907213175,149.0133565324255,0.9895442661189734,0.0013289097447433552
9.719438877755511,2.2903608770694532,757.2764810953503,0.20980145468038933,0.000163183158683658,149.01554663432304,0.9833704358371163,0.0013213558954387908
9.739478957915832,2.2890515063769894,757.2770475935155,0.20980437170541752,0.0001609820429664436,149.01773711453973,0.9772369644847695,0.0013138415576647204
9.759519038076151,2.2878759097945096,757.2777606780047,0.2098072462675393,0.0001588119614898148,149.01992810613592,0.9711436754233274,0.0013063665754413788
9.779559118236472,2.2868348328328496,757.2786198952647,0.209810078656509,0.0001566727246225087,149.0221197295594,0.965090389166912,0.0012989307932850466
9.799599198396793,2.2859289356965107,757.2796246991776,0.20981286917154074,0.00015456413531264932,149.0243120925666,0.9590769234093667,0.0012915340561851516
9.819639278557114,2.2851587928649897,757.280774451411,0.2098156181210989,0.00015248598923029276,149.0265052901455,0.9531030930567672,0.0012841762095817872
9.839679358717435,2.2845248927284665,757.2820684218245,0.2098183258226739,0.0001504380749211961,149.02869940444015,0.9471687102652838,0.001276857099343688
9.859719438877756,2.2840276372780908,757.2835057889353,0.20982099260254486,0.00014842017397125333,149.03089450467712,0.9412735844841993,0.001269576571746685
9.879759519038076,2.283667341851057,757.2850856404414,0.20982361879552913,0.00014643206118102715,149.03309064709532,0.9354175225038895,0.0012623344734526702
9.899799599198396,2.2834442349306334,757.2868069738016,0.20982620474471997,0.00014447350474978675,149.03528787487852,0.929600328508554,0.0012551306514890948
9.919839679358716,2.2833584580012634,757.288668696873,0.20982875080121313,0.00014254426646844956,149.03748621809189,0.9238218041334814,0.0012479649532290203
9.939879759519037,2.2834100654588467,757.2906696286044,0.20983125732382307,0.0001406441019208151,149.03968569362289,0.9180817485266315,0.0012408372263717571
9.959919839679358,2.283599024576244,757.2928084997866,0.20983372467878972,0.00013877276069246538,149.04188630512667,0.9123799584142936,0.0012337473189240945
9.97995991983968,2.2839252155240275,757.295083953857,0.20983615323947682,0.000136929986586704,149.044088042977,0.9067162281705903,0.001226695079182151
10.0,2.2843884314419873,757.2974945477566,0.20983854338606267,0.0001351155178466376,149.0462908842222,0.9010903498904759,0.001219680355713874
